Hospital Name,Address,CITY,STATE,PPN / NON PPN
Amrut Hospitaland Research Centre,"Alandi Markel Road, Infront Of Tjsb Bank,,Markal Road,,Tal - 
KhedNIL",PUNE,MAHARASHTRA,PPN
Anand Hospital Chakan,"Balaji Tower,Mahatma Phule Chowk,,Tal Khed Balaji 
Tower,ChakanNIL",PUNE,MAHARASHTRA,PPN
Anand Hospital (Pune),"P M T Terminus,,Pune Nasik Road,,Bhosari",Pune,MAHARASHTRA,PPN
Ankur Multispeciality Hospital-Pune,"Sr No 40,,Keshav Nagar,,MundwaPune",PUNE,MAHARASHTRA,PPN
Astha Hospital (Pcmc),"Malu Trade Centre, Plot No 25,,Near Lok Seva Petrol Pump, 
Spine Road, Pcntdc,Near Tata Motors,NIL",PUNE,MAHARASHTRA,PPN
Care Multispeciality Hospital,"Pune Nagar Road, Kolte Arcade,Wagholi, Haveli(Tal),NIL",PUNE,MAHARASHTRA,PPN
Chaitanya Superspeciality Hospital,"Bhoir Colony, Near Ramkrishna More Sabhagruh,,Opp Of 
Tata Motors Gate,",Pune,MAHARASHTRA,PPN
Chavan Hospital,"54, Stadium Road, Vastu Udyog, Ajmera, Pimpri,Chavan 
Hospital Bus StopNIL",PUNE,MAHARASHTRA,PPN
Columbia Asia Hospital Pvt Ltd,"22/ 2a, Near Nyati Empire,,Near Nyati Empire, Ahead Of 
Hotel Radisson,,Kharadi Bypass Road,",Pune,MAHARASHTRA,PPN
Deenanath Mangeshkar Hospital,"8/13- 2, Erandwane,,Near Himalya Society,,Erandwane,NIL",PUNE,MAHARASHTRA,PPN
Deendayal Memorial Hospital,"926, Fergusson College Road,,,PuneNIL",PUNE,MAHARASHTRA,PPN
Dr Khade Superspeciality Hospital-Pune,"Bija Complex, 1st Floor, Near Chakan S.T Stand,,Old Pune-
Nashik Road, Tal K,Off Holkar Marg Tidke ColonyNIL",PUNE,MAHARASHTRA,PPN
Golden Care Hospital,"S.No. 117/3, Bhumkar Wasti,,Hinjewadi Road, Wakad,,",Pune,MAHARASHTRA,PPN
Hardikar Hospital,"1160/61,Ganeshkhind Road,,Shivaji Nagar,,Pune",Pune,MAHARASHTRA,PPN
Imax Multyspeciality Hospital,"Pune-Nagar Road Kesanand Phata Chowk,,Sant Tukaram 
Nagar,Tal Haweli,,Waqgholi",Pune,MAHARASHTRA,PPN
Inlaks And Budhrani Hospital,"Sadhu Vaswani Medical Complex,,7-9, Koregaon 
Park,,PuneNIL",PUNE,MAHARASHTRA,PPN
"Jehangir Hospital And Medical Research 
Centre","32, Sassoon Road I,,NIL",PUNE,MAHARASHTRA,PPN
Kedarnath General Hospital,"1st Floor, Tirupati Complex,,Opposite Mahalaxmi Vihar, 
Pune - Alandi Road,Vishrantwadi,",Pune,MAHARASHTRA,PPN
Kem Hospital (Pune),"489,Sardar Moodliar Road,,Rasta Peth,PuneNIL",PUNE,MAHARASHTRA,PPN
Khaire Hospital,"Chaphekar Chowk, Station Road, 
Chinchwadgaon,,ChinchwadgaonNIL",PUNE,MAHARASHTRA,PPN
Lifepoint Multispeciality Hospital,"145/ 1, Mumbai-Bengaluru Highway,,Near Hotel 
Sayaji,,Wakad",Pune,MAHARASHTRA,PPN
Lokmanya Hospital(Chincwad),"Near Chinchwad Railway Station,,Sr No. 314/B,Telco 
Road,,ChinchwadNIL",PUNE,MAHARASHTRA,PPN
"Mankikar Hospital For Children And 
Laboratory","D M Chambers, Above Repee Co-Op Bank,,Pune Nashik 
Road,,BhosariNIL",PUNE,MAHARASHTRA,PPN
"Maxcare Hospital Multi Speciality And 
Critical Care Centre","Pimple Saudagar,,Opp Hotel Swaraj Garden,,Seeta 
Plaza,NIL",PUNE,MAHARASHTRA,PPN
Medilife Multispeciality Hospital And Icu,"Near Jyotiba Temple,,Alponsa School Road, Vijay 
Nagar,,KalewadiNIL",PUNE,MAHARASHTRA,PPN
"Metro Multi Speciality Hospital And I.C.U. Saundarya Colony,,Nakhate Wasti, Rahatni Pimpri,,Next To","Hotel Sitara,",Pune,MAHARASHTRA,PPN
Moraya Hospital,"Gauri Apt., Dapodi,,Pimplegurav Road,,Dapodi",Pune,MAHARASHTRA,PPN
Navkar Multispeciality Hospital,"293, Pune Nashik Highway, Behind Indian Overseas 
Bank,,Talegaon Chowk, Chakan,,Khed",Pune,MAHARASHTRA,PPN
New Life Child Care Clinic And Hospital,"Opp. D-Mart, Kalewadi,,,Pimpri,",Pune,MAHARASHTRA,PPN
Orchid Speciality Hospital,"Survey No.282/3/3,Porwal Road,Off Dhanori Jakat 
Naka,Lohegoan",Pune,MAHARASHTRA,PPN
Oyster And Pearl Hospital Pvt Ltd,"1671-75, Ganesh Khind Road, Shivajinagar, Pune",PUNE,MAHARASHTRA,PPN
Pawana Hospital,"Somatne Phata,,Taluka - Maval,PuneNIL",PUNE,MAHARASHTRA,PPN
Phoenix Hospital(Pune),"Op. Rhythm Soc,,Kalewadi Phata, Near Raghunadan 
Hotel,,ThergoanPimpri,",PUNE,MAHARASHTRA,PPN
Pulse Multispeciality Hospital,"Sr.No. 51/7/B/1, 1st Floor, Vishwa Arcade,,Opp. Deccan 
Pavillion Hotel, Mumbai Bang. Highway, Narhe, Ambegaon, 
Pune,",Pune,MAHARASHTRA,PPN
Sahyadri Hospital (Bopodi),"S No 10 A/3 A Old Puna Bombay Highway,Bopodi Police 
Chowki,BopodiNIL",PUNE,MAHARASHTRA,PPN
Sahyadri Hospital (Hadapsar),"G & G Tower, Survey No. 153/A,,Hissa No. 1 To 4121, 
Magarpatta,Solapur Road,HadapsarNIL",PUNE,MAHARASHTRA,PPN
Sahyadri Hospital Kothrud,"Plot No 9b, Neena Society, Survey No 148,,4 A B, Paud 
Road, Opposite Vanaz, Kothrut",PUNE,MAHARASHTRA,PPN
"Sahyadri Speciality Hospital (Karve Road) Plot No. 30 C, Lane No. 1, Erandawane,,Prabhat Road, Nr.","Tilak Tank, Bhd Bank Of Baroda, Deccan Gymkhana,,Karve 
RoadNIL",PUNE,MAHARASHTRA,PPN
"Sahyadri Speciality Hospital (Nagar 
Road)","Near Hermes Heritage, Shastri Nagar, Nagar Road, 
Yerawada",PUNE,MAHARASHTRA,PPN
Sainath Hospital,"Sector No.4, Pune-Nashik Highway, Moshi",PUNE,MAHARASHTRA,PPN
Saiseva Hospital,"1st Floor, Kazi Complex,,Mahatma Phule Chawk,,Chakan",Pune,MAHARASHTRA,PPN
"Sant Dnyaneshwar Hospital (A Unit Of 
Sant Dnyaneshwar Medical Foundation)","Sant Nagar, Sector No-4,,Spine Road, Moshi 
Pradhikaranpune-Nashik Highway,,Moshi,",Pune,MAHARASHTRA,PPN
"Sathe Hospital( A Division Of Harmony 
Health Services Pvt Ltd)","759/4 Deccan Gymkhana,,Above Post Office,,PuneNIL",PUNE,MAHARASHTRA,NON PPN
"Shaishav Childrens Hospital And 
Research Center Pvt Ltd","695 / A, Sadashiv Peth,,Laxmi Road, Opp. Vijay 
Talkies,,PuneNIL",PUNE,MAHARASHTRA,PPN
Shivkrupa Multispeciality Hospital,"Chatrapati Shivaji Chowk, Near Bus Stop,,Dehu Moshi Road, 
Chikhali Gaon,Tal - Haveli",Pune,MAHARASHTRA,PPN
"Shree Hospital Criticare And Traume 
Center Pvt Ltd","S.No.7/3/B,Gulmohar Society,Kharadi",Pune,MAHARASHTRA,PPN
Shwas Multispeciality Hospital,"A/P Chakan, Medankar Wadi,,Mega Center Building,Chakan",Pune,MAHARASHTRA,PPN
Surya Sahyadri Hospital,"Near Corporation,1317,Kasba Peth,Shivaji Nagar,Kasba 
PethNIL",PUNE,MAHARASHTRA,PPN
Tulip Hospitals Pvt Ltd,"402/A, Gokhale Nagar,,Off Senapati Bapat Rd,Near Dominos 
Pizza",Pune,MAHARASHTRA,PPN
Unique Multispeciality Hospital,"205/1 Anandtara Palekar Niwas,,Near Basket Bridge,,Ravet",Pune,MAHARASHTRA,PPN
Vighnaharta Hospital(Pune),"Plot no 5 Mahesh Society Chowk, Opposite Bibawewadi 
Petrol Pump, Pune, Maharashtra 411037Pune",PUNE,MAHARASHTRA,PPN
Vinod Memorial Multispeciality Hospital.,"Cts No 285,Sr No 113,,Alandi Road, Vishrantwadi,,PuneNIL",PUNE,MAHARASHTRA,PPN
Nawale Hospital,Pune Nagar Road Fadai Chowk Wagholt PunePune,PUNE,MAHARASHTRA,NON PPN
Sankalp Multispecialty Hospital,Godambe Corner Tapkir Mala Road Rahatani PunePune,PUNE,MAHARASHTRA,NON PPN
Ayushri Multispecialty Hospital,Samadhan Chowk Pimprigaon Pimpri PunePune,PUNE,MAHARASHTRA,NON PPN
"Dr DY Patil Medical College, Hospital and 
Research Centre","Pimpri, Sant Tukaram Nagar, Pune, Maharashtra 
411018Pune",PUNE,MAHARASHTRA,PPN
Jupiter Life Line Hospitals,"Near Prathamesh Park, Baner, Pimple Nilkh Road, Pune",PUNE,MAHARASHTRA,PPN
Vishwaraj Hospital,"Solapur Road, Rajbaug, Loni Kalbhor, Pune, Maharashtra 
412201Kalbhor",PUNE,MAHARASHTRA,PPN
Ashtvinayak Hospital,"Plot No LC 1, Sector No.9,, Near Spine City Mall,Near 
Bhosari MIDC Polic Station, Santnagar Moshi, Pradhikaran 
Pune 412105, pune, Maharashtra 412105Pune",PUNE,MAHARASHTRA,PPN
"Chellaram Hospital Diabetes Care And 
Multispecialty","Pune Bangalore Highway, Lalani Quantum, Bavdhan 
Budruk, Pune, Maharashtra 411021Pune",PUNE,MAHARASHTRA,PPN
"Apollo Spectra Hospital A Unit Of Apollo 
Specialty Hospital","Opposite Sanas Sports Ground Saras Baug Muncipal Colony 
Maharashtra Pune",PUNE,MAHARASHTRA,NON PPN
Citi Care Hospital Pimpri,"Shubam gallery, next to chroma, near pimpri bridge, Pimpri-
Chinchwad, Maharashtra 411018Pimpri",PUNE,MAHARASHTRA,PPN
Jivan Rekha Multispeciality Hospital,"Sr.28 Prabhu Complex,In front of Repulic School,, Old 
Mumbai Pune Highway, Dehu Road, Maharashtra 
412101Pune",PUNE,MAHARASHTRA,PPN
Sarvadnya Hospital,"244, Sable Heights, Alandi Dehu Road, Moshi, Pune - 
412105 Pune",PUNE,MAHARASHTRA,PPN
Apple Hospital,"Vishal Nagar, Near Jagtap Dairy Bajaj Service Centre, Aundh 
Hinjewadi Wakad Link Road",PUNE,MAHARASHTRA,NON PPN
Avan Multispeciality Hospital,"1st floor, Mukai Complex above, Vijaya Bank, Sinhagad 
Road Khadakwasla, Haveli,",PUNE,MAHARASHTRA,PPN
Ayush Multispeciality Hospital,"Main Road, Santoshi Mata Chowk, Nehru Nagar, Pimpri, 
Pimpri-Chinchwad, Maharashtra 411018Near Seva Vikas 
Bank",PUNE,MAHARASHTRA,PPN
Oyster And Pearl Hospital Pvt Ltd,"402/A, Off Senapati Bapat Road, Shivaji Co operative 
Housing Society, Bhageerath, Gokhalenagar, Pune, 
Maharashtra 411016Pune",PUNE,MAHARASHTRA,PPN
Nucare Hospital,"131/9,Opp Orchid School, Balewadi Phata, BanerBaner",PUNE,MAHARASHTRA,PPN
Yashorahi Multispeciality Hospital,"Shivkamal Prestige, Dangat Vasti,Shivane,",PUNE,MAHARASHTRA,PPN
Apex Hospital,"13/12 PAWAR NAGAR THERGAON NR RHYTHM 
SOCIETY,Thergaon",PUNE,MAHARASHTRA,PPN
Shri Siddhivinayak Criticare Hospital,"SOURABH COMPLEX, ABOVE CANARA BANK, 2 ND FLOOR, 
SHINDAWANE ROAD, URULIKANCHAN.nil",PUNE,MAHARASHTRA,PPN
Jeevan Rakshak Hospital,"S.N.1041/2335 KHANDAVE NAGAR ROAD ,WAGHOLI,nil",PUNE,MAHARASHTRA,PPN
Panortho Multispeciality Hospital,"01- Bldg, Riddhi Capita, Plot No. F11, Sect. No.26 
A.D.C.PCNTDA,Nigdi,",PUNE,MAHARASHTRA,PPN
Deoyani Multispeciality Hospital,"Plot No.121, Lane No. 4, Dahanukar Colony,Kothrud",PUNE,MAHARASHTRA,PPN
Ashtavinayak Hospital,"Plot No.1, Sec-9, Sant Nagar, Spine Road,Moshi",PUNE,MAHARASHTRA,PPN
Niramaya Hospital Pvt Ltd,"Behind Jai Hind Petrol Pump, Next to Chinchwad (E) Post 
Office, Chinchwad,nil",PUNE,MAHARASHTRA,PPN
Global Hospital And Research Institute,"577/2, Near Dattawadi Police Chowky, Off Sinhagad Road, 
Dattawadinil",PUNE,MAHARASHTRA,PPN
Unique Childrens Hospital Pvt Ltd,"Hira Moti Fortune, Mumbai-Pune Road, Opp. to Police 
Station,Near To Chicwad Railway Station,",PUNE,MAHARASHTRA,NON PPN
"Saishree Hospital and Joint Replacement 
Centre","No. 157,ct sno .1104/03,plot no 26,Dp road near dav 
school,aundh,nil",PUNE,MAHARASHTRA,PPN
Icon Hospital,"Tower line Corner, Talawade Rod, Triveninagar,Nigdi,",PUNE,MAHARASHTRA,PPN
Sparsh Hospital Pune,"Sparsh Hospital, Sr.no.353, Emerald Building, Parandwadi 
Road, Somatane Phata, Maval,Talegaon Dabhade,",PUNE,MAHARASHTRA,PPN
Jaihind Hospital,"2293/1/3.A/P-ABHISHEKH BUILDING CHAKAN SHIKRAPUR 
ROAD, CHAKAN,Khed,",PUNE,MAHARASHTRA,PPN
Moraya Multispeciality Hospital,"Power House Chowk, Opposite PMT Bus Stop, Chinchwad,nil",PUNE,MAHARASHTRA,PPN
Mhatre Accident Hospital,"Line Ali Shivaji Road, Opp S.T.Stand, Panvel,NIL",RAIGAD,MAHARASHTRA,PPN
Dandekar Hospital Panvel,"I st floor,commercial premises,vasant kunj Hsg. society, Dr 
Ambedkar roadPanvel",RAIGAD,MAHARASHTRA,PPN
Shelar Hospital & ICU,"Tulsi Perana CHS, Sector-1, Plot No-9, Khanda Colony,lNew 
Panvel",RAIGAD,MAHARASHTRA,PPN
Sukham Hospital,"Behind Ganesh Temple, Karanjade, Tal-Panvel, Raigad",RAIGAD,MAHARASHTRA,NON PPN
Chirayu Children Hospital,"Neel Enclave, 3rd & 4th floor, Sec-9, Near fly over, Khanda 
Colony, New Panvel (W)",RAIGAD,MAHARASHTRA,PPN
Gandhi Hospital Panvel,"142, M. C. C. H. Society,,Nr. Kohinoor Technical 
Institute,Panvel,",RAIGAD,MAHARASHTRA,PPN
"Lifecare Multispeciality Hospital And 
Nursing Home","Shop No. 1,2,18, A-101,,Om Aaiji Darshan Complex, 169/0, 
Vichumbe,,New PanvelNIL",RAIGAD,MAHARASHTRA,PPN
Sparsh Superspeciality Hospital,"141, Sai Arcade, Mission Compound,,Line Ali, Opp Orion 
Mall,,PanvelNIL",RAIGAD,MAHARASHTRA,PPN
Veer Hospital And Icu,"Neel Enclave Building 2nd Floor Plot No 1 Sector 9,Khanda 
Colony,Navi PanvelNIL",RAIGAD,MAHARASHTRA,PPN
Mathoshree Multispeciality Hospital,"Shop No-10/11/ 14/15, Trupati Icon, Plot No 425, Sector 20, 
Near Central Bank , kamothe- Raigad- Raigad",RAIGAD,MAHARASHTRA,PPN
"Prachin Healthcare Multispeciality 
Hospital","Plot No. 69/2, Thana Naka, Near Hotel Garden, Panvel nil",RAIGAD,MAHARASHTRA,PPN
Om Hospital Cardiac Medical Centre,"B - 9, Poonam Nagar, Shanti Park,Phase - I I I ,Mira 
Road(E)Bhayandhar,",THANE,MAHARASHTRA,NON PPN
Jupiter Life Line Hospitals Ltd,"Opp. Flower Valley,Eastern Express Highway,ThaneThane",THANE,MAHARASHTRA,PPN
Dandekar Hospital ( Dombivili ),"B-51/ 135/136/ 235/ 236 , kasturi Plaza , Manpada, 
Dombivali €- 421201NIL",THANE,MAHARASHTRA,PPN
Tanwar Hospital,"Tanwar Tower, Near Hotel Sonali,,P. K. Road, Off Mira 
Bhayandar Road,,Mira Road(E)NIL",THANE,MAHARASHTRA,PPN
Mahesh Hospital,"Balaji Apartment, 1st Floor,,Above Bank Of Baroda, Poona 
Link Road,,Kalyan(E)",Thane,MAHARASHTRA,NON PPN
Kalpana Lifeline Hospital,"Plot No.16, Ambadi Road, Opposite Akshay Hotel, Vasai 
(W)nil",THANE,MAHARASHTRA,PPN
"Pranjali Maternity Surgical And General 
Hospital","MAHAKALI ARCADE,VEER SAVARKAR 
NAGAR,OPP.R.J.THAKUR COLLEGE.BEHIND THANE-
400606NIL",THANE,MAHARASHTRA,NON PPN
Orthocare Hospital,"1st Floor, Gautam Chambers,,Near Khopat Shiv Sena 
Shakha, Khopat,Thane(W)NIL",Thane,MAHARASHTRA,PPN
"Ashirwad Maternity And General 
Hospital, Bhayndar","Samir Apartment, Sec-K7, A, Jesal Park, Bhayander(E) , 
MumbaiBhayander",THANE,MAHARASHTRA,PPN
Ishwar Criticare Hospital LLP,"Ishwar Hospital ,Sundar Apt., ,,Dr R.P.Road. 
Ramnagar,Dombivli (E)",THANE,MAHARASHTRA,PPN
Riddhi Vinayak Multispeciality Hospital,"Plot No-302, Near Railway Carshade, Yashwant Gaurav 
Road,,Virar Nallasopara Link Road,,Nallsopara (W)NIL",THANE,MAHARASHTRA,PPN
Chirayu Superspeciality Hospital,"Ground Floor, Vimal Deep, Sarvoday Paradise 
Complex,,Behind Balaji Hospital, Mira -Bhayander 
Road,,Bhayander (E)BHAYANDER",THANE,MAHARASHTRA,PPN
Sai Hospital And Icu,"Hira Moti Shopping Centre,Second Floor,,Near 
Checknaka,Shivaji Nagar,Thane,Thane(W)NIL",THANE,MAHARASHTRA,PPN
Shree Ashirwad Hospital,"C-3/4,Shree Complex, Opposite Mahavir Nagar,Manpada 
Road,Dombivli(E)NIL",THANE,MAHARASHTRA,PPN
Om Hospital And Polyclinic ( Dombivili ),"COMMERCE CENTRE,1ST FLOOR FIRST, TANDAN 
ROAD,RAMNAGAR,NEAR S.K.PATEL SCHOOL,DOMBIVLI - 
EASTDombivali",THANE,MAHARASHTRA,PPN
Aashirwad Hospital (Kalyan),"Om Shraddha Tower, Above Tdcc Bank,,Poona Link Road, 
Tisgaon,,Kalyan(E)NIL",Thane,MAHARASHTRA,PPN
"Kaushalya Medical Foundation Trust 
Hospital","GANESHWADI, PANCHPAKHADI, BEHIND NITIN COMPANY, 
THANE WESTNIL",THANE,MAHARASHTRA,PPN
Kalsekar Hospital,"Dawle Village, Kausa Mumbra, Opposite Kalsekar Degree 
College, Near Bharat Gear, Mumbra",THANE,MAHARASHTRA,PPN
Phadke Hospital,"Par Naka, Gaurav Prasad Co-Op Hsg. Soc. Ground 
Floor,,Opp. Gajanan Maharaj Mandir,Kalyan(W)NIL",THANE,MAHARASHTRA,PPN
Sahil Hospital,"First floor, tawadw Niwas, Opp TjSB, bank Kopat Thane 
WestNIL",THANE,MAHARASHTRA,PPN
Shreedevi Hospital,"Akash Arcade, Near Bhanu-Sagar Talkies,,Valipir 
Road,,Kalyan(W)Kal",Thane,MAHARASHTRA,PPN
Prakruti Hospital (Thane),"SIDDHESHWAR ACRADE, OPP.MANISHA NAGAR GATE 
NO.1, KALWA THANENIL",THANE,MAHARASHTRA,PPN
Kevalya Hospital,"Siddhi Apartment,,Near Vijay Garden, Ghodbunder 
Road,,Thane(W)Thane",Thane,MAHARASHTRA,PPN
Thunga Hospital Pvt Ltd,"MIRA BHAYANDER ROAD, MIRA ROAD EASTNIL",THANE,MAHARASHTRA,PPN
"Orbit Super Speciality Hospital And 
Accident Centre","WESTERN EXPRESS HIGHWAY,OPP AMAR PALACE HOTEL 
NEAR DAHISER CHEK NAKA MIRA ROADNIL",THANE,MAHARASHTRA,PPN
Dr Thakurs Shree Hospital,"1st & 2nd Floor, Sukh Laxmi Building, Ashram Road, Shree 
Nagar, Opposite Tata Fision, Shreenagar Waghale,Kamothe",THANE,MAHARASHTRA,PPN
Dhanvantari Hospital (Thane),"Radhagovind Park -C Bldg. Co-Op. Soc.Ltd. Uttan Road,Near 
Police Station,Bhayander WestBhayandar",THANE,MAHARASHTRA,PPN
"Vijay Vallabh Hospital And Medical 
Research Centre","43, Tirupati Nagar Phase -1,,Bolinj,,Palghar,Trirupati 
Nagar,Virar",THANE,MAHARASHTRA,PPN
"Vijayalaxmi Maternity, Surgical & General 
Hospital","A/101-104,Savita Appartment,near new kanchan 
school,nallasopara., Nallasopara (E)Nalasopara",THANE,MAHARASHTRA,PPN
Bethany Hospital (Thane),"Pokhran Road No. 2, ThaneThane",THANE,MAHARASHTRA,PPN
Sai Aashirwad Hospital,"101/104,A wing,Ratnadeep building,navghar 
road,Bhayander (E), Bhayanderbhayander",THANE,MAHARASHTRA,PPN
"Siddhivinayak Maternity And General 
Hospital","S-1, Second Floor, Vedant Complex,,Above Ntsarg 
Hotel,,Vartak Nagar,Thane",THANE,MAHARASHTRA,PPN
Rathod Hospital,"201&202, Motibhai Tower, Near Vaishali Cinemas, 
Bazarpeth. , ThaneBadlapur",THANE,MAHARASHTRA,PPN
Bijankur Hospital Pvt. Ltd,"Near Anand Park,Navare Nagar Road, 
Ambernath(E)Ambernath",THANE,MAHARASHTRA,PPN
Khadakpada Multispeciality Hospital,"Swami Prasad,1st Floor,Bldg.3,Shelar Park,Above More 
Mall,Khadakpada Circle,Kalyan (WEST)-421301 , 
ThaneKalyan",THANE,MAHARASHTRA,PPN
Nulife Hospital,"2,3 Balkrishna CHS, Opp Tilak Nagar P.O 
Dombivli(E)Dombivali",THANE,MAHARASHTRA,PPN
Dr Thakurs Vedant Hospital,"1st Floor, Panchratna Tower, Opp Cinemax, Khadakpada, 
Kalyan WestKalyan",THANE,MAHARASHTRA,PPN
"Aarogya Multispecialty Hospital And 
Trauma Centre","Herambha Heiaghts Ground Floor Old Mumbai Pune Road 
ThaneThane",THANE,MAHARASHTRA,PPN
Aarogyadhan Hospital,"Grd. Floor, Janki Tower,Rajdhani Apartment., Kisan Nagar 
No. 2,,Near Balsara Company, Wagle Estate,Kalwa",THANE,MAHARASHTRA,PPN
Aarogyam MultiSpeciality Hospital,"Renuka Building, Opp.Mangala High School,,Nr. Thane 
Railway Station,NIL",THANE,MAHARASHTRA,PPN
"Aarogyam Multi Speciality Hospital And 
Iccu","Sripat Smurti Building, 1st Floor,,Opp, Bank Of Baroda, Star 
Colony, Manpada Road,,Dombivali(E),NIL",THANE,MAHARASHTRA,PPN
Aayush Hospital(Thane),"Bldg No.E-2, 2nd & 3rd Flr, Radha Nagar Shopping 
Complex, Radha Nagar,,Opp. Radha Nagar Police Chowki, 
Khadakpada,,Kalyan (W)NIL",THANE,MAHARASHTRA,PPN
Alliance Hospital,"Near Atmavallabh Society,Tulinj,Nallasopara(E)NIL",THANE,MAHARASHTRA,PPN
"Am Pm 24 Hrs Hospital Multispeciality 
Trauma And Research Centre","2nd Floore,Om Suprem, Above Dominos,,Near Dmart, Opp. 
H.P. Petrol Pump,,Old Bail Bazar,Kalyan,",THANE,MAHARASHTRA,PPN
Anish Hospital(Thane),"3,4 Grd Floor,Piyush Co.Op.Hsg.Pandurang Wadi 1st 
Lane,Manpada Road Dombivali(E),Dombivali(E)NIL",THANE,MAHARASHTRA,PPN
Apex Hospital,"1st Floor, Janki Smruti Building,Ghanshyamgupte 
Road,Dombivli (E)",Thane,MAHARASHTRA,PPN
Apex Hospital(Kalyan),"Shivtirth Apartment, Grount Floor,,Parnaka,,Kalyan(West)",Thane,MAHARASHTRA,PPN
Arth Hospital,"1st Flr, Saishwar Darshan, Opp. Corporation Bank,,Nr. 
Achole Talaw, Achole Rd,,Nalasopara (E),",Thane,MAHARASHTRA,PPN
Asha Hospital,"1st Floor, Rajalaxmi Complex,,Thane -Bhiwandi Road, Opp 
Jai Mata Di Compund ,,Kalher,NIL",THANE,MAHARASHTRA,PPN
Ashirwad Hospital (Bhiwandi),"2nd Floor R. K. Business Centre,,Above Torrent Power 
Customer Care, Kalyan Naka,,Bhiwandi",Thane,MAHARASHTRA,NON PPN
Balaji Hospital Bhayandar,"Golden Nest, Phase V I,,Mira - Bhayander 
Road,,Bhayander(E)NIL",THANE,MAHARASHTRA,PPN
Balaji Hospital-Thane,"Sai Dham App,,1st Floor ,Nr Ideal School,NIL",THANE,MAHARASHTRA,PPN
Cardinal Gracias Memorial Hospital,"Banglinaka Sandor,P.O. Vasai,Opp. Lodha Woods,Vasai 
Road",Thane,MAHARASHTRA,PPN
"Criticare Superspeciality Hospital( Thane 
)","Between Hotel Royal Challange Ii And,Cadbury'S 
Limited,Eastern Express Highway,ThaneNIL",THANE,MAHARASHTRA,PPN
Crystal Hospitals Ltd (Dahisar),"Waman Rao, Sawant Marg,,Nr.Ramkrishna Hotel,,Maratha 
Colony Dahisar",Thane,MAHARASHTRA,PPN
Currae Gynaec Ivf Birthing Hospital,"Rosa Vista Bldg No.3 Opp Suraj Water Park,,Waghhill Naka 
Ghodbunder Road,,Thane(W)NIL",THANE,MAHARASHTRA,PPN
"Currae Speciality Hospital (A Unit Of 
Patni Healthcare Ltd)","Hisghstreet Cum Highland Corporate Cnter,,Ground 
Floor,Kapurbavdi Jumction,,Next To Big Bazar,NIL",THANE,MAHARASHTRA,PPN
Dr Godboles Heart Care Hospital,"M.G. Road , Naupada,,Opp Saraswati Marathi Medium 
School,NaupadaNIL",THANE,MAHARASHTRA,PPN
Dr Harne Hospital,"2nd Floor, Everest Shopping Centre,,Opp Rly 
Station,Dombivli (W)",Thane,MAHARASHTRA,PPN
Dr Uppals Ent Hospital,"2nd Floor, Mohan Heritage, Opp TMC, Almeida Road, Opp 
Panchpakhadi, Thane WNIL",THANE,MAHARASHTRA,PPN
Dr Bhanushali Hospital,"Kaushalya, Shivaji Path,,,Near Thane Railway Station",THANE,MAHARASHTRA,PPN
Dsouza Hospital,"Remedi, Dhowali,Near Church School,Vasai Road",Thane,MAHARASHTRA,PPN
"Gayatri Maternity And Ear Nose Throat 
Hospital","A - 4, Sector 4,,Shanti Nagar,Mira Road(E)NIL",THANE,MAHARASHTRA,PPN
Golden Park Hospital,"Behind Parvati Cinema, Sai Nagar,Navghar-Manickpur,Vasai 
Road(W)",Thane,MAHARASHTRA,PPN
Gurukrupa Hospital,"Poonam Arcade, 1st Floor, Sheetalka,,Sheetalgar,, 
Thane,Mira Road(E)",Thane,MAHARASHTRA,PPN
Gurukrupa Hospital And Polyclinic,"Savitri Apartment, B. P. Road, Saibaba Temple,,Bank Of 
Maharashtra,,Bhayander(E)NIL",THANE,MAHARASHTRA,PPN
Highland Super Speciality Hospital,"3rd Floor, Highland Park, Above Apollo Clinic,,Near D Mart, 
Kolshet Road, Dhokali,,Off. G. B. Road.(W)NIL",THANE,MAHARASHTRA,PPN
Highway Hospital,"First Floor,Dev Ashish,Marathon Square,E.E. Highway,Near 
Punjab Sind BankNIL",THANE,MAHARASHTRA,PPN
Holy Cross Hospital(Thane),"Karthik Road, Near Nutan Vidyalaya, Kalyan West,NIL",THANE,MAHARASHTRA,PPN
Horizon Hospital,"Malati Mohan Bunglow, M G Road,Opp Naupada Telephone 
Exchange,,Thane(W)NIL",THANE,MAHARASHTRA,PPN
Icon Multispeciality Hospital & ICU,"Gala No-5, Ground Floor, Jitendra Co-op Housing Society , 
near hariniwas Circle, Thane West -400602NIL",THANE,MAHARASHTRA,PPN
Jk Women Hospital,"1st 2nd Floor, Maitri Raghukul, Shahid Bhagart Singh 
Road,,Opp. Saraswati Bank, Dombivali East,,ThaneNIL",THANE,MAHARASHTRA,PPN
Jijai Women'S Hospital,"303, B-Wing, M. K. Plaza,,Anand Nagar, Near Hypercity 
Mall,,Ghodbunder Road,",Thane,MAHARASHTRA,PPN
Krishna Hospital (Vasai),"Prabhu Niwas, Meena Nagar, Ambadi Road, Vasai 
(w)Palghar,",THANE,MAHARASHTRA,PPN
Laxmi Hospital,"354, Shree Ganesh Complex, Above Tdc Bank,,Mumbai-
Nashik Expressway, Mankoli Naka Taluk,NIL",THANE,MAHARASHTRA,NON PPN
Life Care Hospital,"S-1,Vedant Shopping Complex,Above Icici Bank,,Kores 
Road,Vartak Nagar, Pokharan Road No:1,Vartak Nagar 
Circle.,Thane(W)NIL",THANE,MAHARASHTRA,PPN
Lifeline Multispeciality Hospital,"A/1 St Floor, Shiv Tower,,Opp. Tjsb Bank,,KhopatNIL",THANE,MAHARASHTRA,PPN
Lifecare Charitable Hospital (Nalasopara),"C-Wing,Martin Complex,,New Link Road,,Nallasopara(E)NIL",THANE,MAHARASHTRA,PPN
Lotuss Hospital,"B-4-5/ C-2, Dev Paradise,,Beveraly Park ,,Above Idbi Bank 
,NIL",THANE,MAHARASHTRA,PPN
Maa Vaishnavi Multispeciality Hospital,"Next To Kopari, Telephone Exchange,,Gurudwara Station 
Road,,Thane EastNIL",THANE,MAHARASHTRA,PPN
Metropol Multispeciality Hospital Llp,"202, 2nd Floor, Soham Plaza, (N.E.),Near, Near Manpada 
Signal, Tikujiniwadi Road,Off Ghodbunder Road, 
Manpada,,Thane (W)",Thane,MAHARASHTRA,PPN
Modi Hospital,"Opp. Tata Fasion,Wagle Estate, Shreenagar,,Thane(W)nil",THANE,MAHARASHTRA,PPN
"Neel Orthopedic Super Speciality Hospital 1st Floor, Sheetal Niketan Co-Op Housing Soc.,,Opp. Hum","Video, B.P. Road,,Bhaynder (E)NIL",THANE,MAHARASHTRA,PPN
"Neptune Superspeciality Hospital 
(Dombivali)","Jai Hanuman Plaza, Shankar Nagar,,Sonaar Pada, Kalyan 
Shill, Road,,Dombivali (E)NIL",THANE,MAHARASHTRA,PPN
New Sai Ganga Hospital,"101, Pandurang Krupa ,,Near Hanuman Temple 
,Navghar,,Bhayandar(E)NIL",THANE,MAHARASHTRA,PPN
Noble Hospital Dombivli,"1st Floor, Sant Sawata Mali, Bhaji Market,Opp. Pooja 
Madhuban Theatre Ursekarwadi,Dombivli EastNIL",THANE,MAHARASHTRA,PPN
Om Hospital(Vasai),"Shree Pant Nagri,,Opp Shani Mandir,,Palghar,NIL",THANE,MAHARASHTRA,PPN
Omkar Hospital & Icu (Thane),"Omsai Apartment, 1st Floor,,Balkum Pada No. 
2,,Balkum,Thane (W)NIL",THANE,MAHARASHTRA,PPN
Optilife Multispeciality Hospital,"Opp.Shivaji Udyog Nagar,,G. B. Patharli. Manpada 
Road,,Dombivali (E)NIL",THANE,MAHARASHTRA,PPN
Orange Hospital-Mira Road,"1 St Floor, B-Garden Plaza, Near Ideal Park,,Seven Square 
School Lane , Off Mira-Bhayander Road,,Mira Road (E)NIL",THANE,MAHARASHTRA,PPN
Orthonova Hospital(Thane),"201 To 205 Soham Plaza Soham Gardens,Chitalsar Manpada 
Junction G B Road,Thane(W)",Thane,MAHARASHTRA,PPN
"Oscar And Multispeciality Centre 
Hospital.","Near Manpada Signal,Tikujiniwadi 
Raod,,Opp,G.B.Raod,,Manpada,NIL",THANE,MAHARASHTRA,PPN
Ozone Multispeciality Hospital,"Gagan Supreme Building, Next To Vasai Fire Brigade,,Vasai - 
Virar Link Road,Vasai (E)NIL",THANE,MAHARASHTRA,PPN
Platinum Hospitals (Thane),"Sankalp Siddhi, Gokhiware Road,,Opp. Range Office,,Vasai 
(E)",Thane,MAHARASHTRA,PPN
Pragati Hospital And Icu,"Ground Floor, Rajshree Shahu Maharaj Complex,,Kamgar 
Hospital Road, Near R. S. M School,Rajiv Gandhi NagarNIL",THANE,MAHARASHTRA,PPN
"Rr Hospital Kagzi Hospital And Medical 
Research Center","Plot No. P-14, Midc, Phase- I, Milap Nagar,,,Dombivali(East)",Thane,MAHARASHTRA,PPN
Revival Bone And Joint Hospital,"Yojana, Off. Gokhale Road,,Near Malhar Cinema,",THANE,MAHARASHTRA,PPN
S S Hospital And Research Centre,"Pawanputra Enclave, Opp. Jain Temple,,Kalher 
Village,,BhiwandiNIL",THANE,MAHARASHTRA,PPN
Sai Criticare Hospital (Thane),"Opp Hp Petrol Pump Next To Mseb Office,Venus 
Chowk,,Ulhasnagar,Opposite Roshan Apartment ,Block C-1, 
Room No 2,",THANE,MAHARASHTRA,PPN
Sai Dham Hospital,"Shiv Sai Apt., Opp Shiv Mandir,,Patil Wadi, Mahtma Phule 
Nagar,,ThaneNIL",THANE,MAHARASHTRA,PPN
Sai Jyot Multispeciality Hospital.,"Suchit Squere,,1st Floor, Beside Chiranjeevi 
Hospital,,Dombivali (E)",Thane,MAHARASHTRA,PPN
Sai Vedant Multi Speciality Hospital,"B-101/102, Cabin Cross Road,,Near East West Public 
Bridge,,BhayanderNIL",THANE,MAHARASHTRA,NON PPN
Saibaba Hospital And Polyclinic,"1st Floor, Shiv Shradda Complex,,B.P.Road,Opp. Bhandary 
Bank,Bhayander(E)NIL",THANE,MAHARASHTRA,PPN
"Samartha Hospital (A Unit Of Sadafal 
Medical Centre Pvt Ltd)","Flat # 101, 104, Shop # 103, Ashadip Chs. Ltd.,,Silver Park 
, Mira-Bhayander Road,Mira Road (E)NIL",THANE,MAHARASHTRA,PPN
Sapphire Hospitals Pvt Ltd,"Kaveri Heights, Opp Old Mumbai- Pune 
Road,,Kharegaon,,Kalwa (West)",Thane,MAHARASHTRA,PPN
"Satya Sai Platinum Hospital (A Unit Of 
Platinum Hospital)","Gala No. G-1, Floor,Seva Niketan Hospital,,Near Aman 
Talkies,,Ulhasnagarnil",THANE,MAHARASHTRA,PPN
Seema Multispeciality Hospital,"Chawre Avenue, Nile More, Near Flyover,,Station Road, Opp 
Snehanjali Electronices,,Nalasopara (W)",Thane,MAHARASHTRA,PPN
Seven Eleven Hospital,"Opp. Seven Square Academy,,Ideal Park Road, Mira-
Bhayandar Road,Mira Road (East)",Thane,MAHARASHTRA,PPN
"Shah Life Line Hospital And Heart 
Institute Pvt Ltd","Geeta Nagar, Phase Vii, Mira Bhayandar Road,Near Flyover 
Bridge,,Mira Road (E)",Thane,MAHARASHTRA,PPN
Sham Bharati Multi Speciality Hospital,"Ist Floor , Poonam Shritu,,Above Pizza Hut ,Opp. 
S.K.Stone,NIL",THANE,MAHARASHTRA,PPN
"Shraddha General Hospital And Icu 
Centre","1st Floor, Vishal Marriage Hall Bldg, Hospital Road,,Nehru 
Chowk, Sector - 3, Opp. General Govt. Hospital,Ulhasnagar",Thane,MAHARASHTRA,PPN
Shree Mahaganpati Hospital(Thane),"Plot No. 75/76, Radha Nagar, Near Sai Baba Temple, 
Titwala ( East ),,Kalyan",Thane,MAHARASHTRA,PPN
"Shree Siddhivinayak Urology And 
Multispecialty Hospital","Unit No, 1 101/102, Parth Shivaji Path,,Main Gate , Opp 
Nehru Maidan ,,Dombivali (East)",Thane,MAHARASHTRA,PPN
"Siddhivinayak Multispeciality Hospitaland 
Cardic Care Center","Near Brahman Society,,Opp. Icic Bank, Murbad 
Road,,Kalyan ((W)NIL",THANE,MAHARASHTRA,PPN
Sparsh Childrens Hospital-Kalyan,"Ganesh Lehar Villa, 1 St Floor, Opp. Natraj Hotel,,Near 
Flyover, Katemanavli, Pune Link Road,,Kalyan EastNIL",THANE,MAHARASHTRA,PPN
"Sparsh Multispeciality Hospital And 
I.C.C.U","1st Floor, Sudama Arcade,Dr. R.P.Road, Tilak Nagar Post 
Office,,Dombivli(E)NIL",THANE,MAHARASHTRA,PPN
Surekha Criticare Hospital,"Near Ashok - Anil Cinema,,Near Jawahar Hotel,,Ulhasnagar 
3",Thane,MAHARASHTRA,PPN
Sushrut Hospital Nallasopara,"A/ 101 , Satyam Complex,,Station Road,Nallasopara(W)NIL",THANE,MAHARASHTRA,PPN
Varad Hospital And Icu,"Vaity Vila Janardhan Vaity Marg., Uthalsar Naka,",THANE,MAHARASHTRA,PPN
"Ved Hospital Super Specialitty And 
Research Center","Vedant Complex ,,Kalyan Bhiwandi Road,,Kongaon",Thane,MAHARASHTRA,PPN
"Vedant Hospital A Unit Of Shree 
Vighnaharta Healthcare","Kasarvadavali, Ghodbunder Road, Thane West",THANE,MAHARASHTRA,PPN
Vedant Multispeciality Hospital,"S-3,2nd Floor, Vedant Commercial Comlex, Vartak 
Nagar,,Above Union Bank Of India.,Thane(W)",THANE,MAHARASHTRA,PPN
Venus Hospital Multispeciality And Icu,"Venus Tower, Near Amba Bhavani Mandir,,Dombivli-Kopar 
Road,,Dombivli.",Thane,MAHARASHTRA,PPN
Vitthal Krupa Hospital,"B1-B6, Ground Floor,,Ram Apartment, Near Apna 
Medical,,Katanivali Junction,Kalyan-ENIL",THANE,MAHARASHTRA,PPN
Wockhardt Hospitals Ltd,"Asmita Enclave,,Naya Nagar, Near Raily Station, Mira Road,",THANE,MAHARASHTRA,PPN
Global Hospital,"Y K Nagar NX ,Near Big Bazaar, Virar West, Virar, 
Maharashtra 401303Virar",THANE,MAHARASHTRA,PPN
"Dr Wankhades Fracture and Accident 
Hospital","201,203, Marc Plaza, Murbad road, near Maruti Suzuki 
showroom, Kalyan Thane-421301nil",THANE,MAHARASHTRA,PPN
Sai Kripa Maternity Hospital,"1st Floor, E Wing, Shiv Shanti Complex, Badlapur, Thane - 
421503Badlapur",THANE,MAHARASHTRA,PPN
Phoenix Hospital and ICU,"SIDDHIVINAYAK ANNEX,SHRUTIBUS STOP,HIGHLAND 
ROAD,DHOKALINAKA",THANE,MAHARASHTRA,PPN
Sawant Hospital,"Ground Floor, Chamunda Villa Building, Near Samrat Hotel, 
Dombivli",THANE,MAHARASHTRA,PPN
"Shree Maternari Hospital And General 
Hospital","25, Paryani Ln, Section 25, Paryani Ln, Section 25, Krishna 
Nagar, Ulhasnagar, Maharashtra 421004Ulhasnagar",THANE,MAHARASHTRA,NON PPN
Family Care Hospitals,"Family Care Hospitals, Near Seven square academy Mira Rd, 
Golden Nest Phase 1 Rd, Queens Park, Mira Road East, 
Maharashtra 401105Thane",THANE,MAHARASHTRA,NON PPN
Bijankur Hospital PVT. LTD.,"Kalyan Shil Road, Near Katai Toll Naka, DombivliDombivli 
East",THANE,MAHARASHTRA,PPN
Icon Hospital Pvt Ltd,"Plot No 34, CTS No 2471, Village Gajbandhan Patharli, 
Mahavir Nagar, Manpada Road, Dombivili (E)",THANE,MAHARASHTRA,NON PPN
Swayam Hospitals,"Tiara Commercial Complex, Ground Floor, Pokhran Road 
No. 2, Vasant Vihar, Thane (West)nil",THANE,MAHARASHTRA,PPN
Ortho Centre Hospital,"Ananya, First floor, Gantali Devi Road, Naupada, Near 
Ghantali Devi mandir Road, Thane -Westnil",THANE,MAHARASHTRA,PPN
Kelshikar Hospital,"4th Floor beauty aracde , Opp Pratap Cienma Khopat- 
Thane westnil",THANE,MAHARASHTRA,PPN
Spandan Hospital & ICU,"Priyadarshani CHS, Fist floor, Above Allhabad bank, phule 
road, Dombivali (w)Dombivali",THANE,MAHARASHTRA,PPN
"Shivneri Hospital And Advanced Urology 
Center","Near Vandana Cinema, Opp S.T.Mahamandal Depot, 
Panchpakhadinil",THANE,MAHARASHTRA,PPN
Matrix Multispeciality Hospital,"Opp Andher Bank, Near Ambedkar Chowk, TV Tower, 
Badlapur -East Badlapur",THANE,MAHARASHTRA,PPN
Global Multispeciality Hospital,"Stanley Regency,Kanakia Beverly Park,Mira roadNear 
Cinemax",THANE,MAHARASHTRA,PPN
SRV Mamta Hospital,"P-43, Phase -2, Next to ICICI Bank, MIDC, Dombivali 
(East)nil",THANE,MAHARASHTRA,PPN
Mehta Hospital and fertility Center,"Rushabh Plaza, B-wing, Pleasant Park, near brand Factory 
,Mira Road (East)",THANE,MAHARASHTRA,PPN
Badar Multispeciality Hospital,"339, Nesco House, Nawayat Nagar, Near Burhan Chowk, 
Nalasopara West,Palghar",THANE,MAHARASHTRA,PPN
Ankur Paediatric Hospital And ICU,"204, Thakur Tower , R.C.S Marg, Virar (W)Palghar",THANE,MAHARASHTRA,PPN
Thane Noble Hospital,"3A/308, Solitair , Cosmos Jwels, Kavasar, G.B.Road,nil",THANE,MAHARASHTRA,PPN
Bilal Hospital And ICU,"Royal Garden- A Wing, First floor, Shimla Park, Kausa 
Mumbra,nil",THANE,MAHARASHTRA,PPN
Dr Veer Hospital,"First floor, Saikripa CHS, Near Yashodhan Nagar Bus 
Stop,nil",THANE,MAHARASHTRA,PPN
Dr More Hospital,"first floor, Vimal Paradise Bldg, Opp Ramdev Xerox, 
Nalasopara,Palghar,",THANE,MAHARASHTRA,PPN
Gastrocare Hospital,"Regency Avenue, Synidicate Murbad Road, Kalyan,nil",THANE,MAHARASHTRA,PPN
"Sai Aarogyam Multispeciality Hospital & 
ICCU","1st Avenue Business Park, Opp. Fire Bridge Station, 
Kalyan(W)Near Durgadi Killa,",THANE,MAHARASHTRA,PPN
Reliance Hospital,"Plot No. X8 & X-8/1,MIDC TTC Industrial Area,Millenium 
Business Park,Koparkairne,",THANE,MAHARASHTRA,PPN
Aarogyadham Multispeciality Hospital,"Ground Floor, Janki Tower,, Kalwal,Mumbai-Pune Road,",THANE,MAHARASHTRA,PPN
Shambharti Multispecilatiy Hospital,"First Floor, Poonam Shuristi, Above Pizza Hut , Opp 
S.K.Stone , Mira Road ,nil",THANE,MAHARASHTRA,PPN
Phoneix Hospital Pvt Ltd,"Block No: 895/ 1789, Near Guru Nanak High School, Kurla 
camp Road, Ulhasnagar (East).nil",THANE,MAHARASHTRA,PPN
Siddha Pooja Hospital,"Plot No. 51 ,Sec. 1 ,Pam Beach ,Sanpada 4,nil",THANE,MAHARASHTRA,PPN
Venkatesh Hospital And Nursing Home,"Plot No.7, Barave Road, Khadakpada, Kalyan (W) Near 
Radha Nagarnil",THANE,MAHARASHTRA,PPN
Lifeline Hospital,"1st Floor,jyoti apertment, Opp. Tata Amantra, kalyan-
bhiwandi Bypass Road,Bhiwandi,nil",THANE,MAHARASHTRA,PPN
Mauli Hospital,"Shop No.2,Mauli Medical,Mauli Builuding Balkum Pada 2,nil",THANE,MAHARASHTRA,PPN
Platinum Multispeciality Hospital,"Sai Priya Building, 1st Floor,Star Colony Manpada Road, 
Nr.Saibaba Mandir,L.B.Yende Compound,Dombivali (E),nil",THANE,MAHARASHTRA,PPN
"Ganesh Memorial Hospital and 
Endoscopy Center","5-Tulip C, Flower Vally Complex,Khadakpada Circle, Kalyan 
(West)nil",THANE,MAHARASHTRA,PPN
Lakecity Hospital,"2 & 3, Jai Sidhivinayak Premises, Near Cadbury Junction, 
Next to Kotak Mahindra Bank , Khopat,nil",THANE,MAHARASHTRA,PPN
Shree Maternity and General Hospital,"C-586, sector-25, Manera Road, Ulhasnagar, Near Welfare 
School, Ulhasnagar,nil",THANE,MAHARASHTRA,PPN
Koparde Hospital,"Ashutosh Apartmnet , First floor , Gopal Nagar , Kalyan 
Road, Dombivali,nil",THANE,MAHARASHTRA,PPN
Abhinav Maternity and General Hospital,"Chowra Arcade, Station Road, Nalasopara,nil",THANE,MAHARASHTRA,PPN
Dr Das Hospital And ICCU,"sandapa,nil",THANE,MAHARASHTRA,PPN
Amit Hospital (Berhampur),"Canal Street, Near Radhe Krishna Temple,,Gate Bazar 
Square Behind Kuthari Teple,,Berhampur, GanjamNIL",BERHAMPUR,ORISSA,NON PPN
Ashutosh Hospital,Engineering School Road BrahmapurBrahmapur,BERHAMPUR,ORISSA,NON PPN
Maa Shakti Hospital,"PLOT NO.-168, EKAMRA MARG. UNIT-6,NIL",BHUBANESWAR,ORISSA,NON PPN
Amri Hospitals Ltd Bhubaneswar,"Plot No. 1,,Beside Satya Sai Enclave,,KhandagiriNIL",BHUBANESWAR,ORISSA,NON PPN
Care Hospital(Bhubaneshwar),"Plot No.324 (P),,Pranchi Enclave, Near Municipal Kalyan 
Mandep,,ChandrashekharpurNIL",BHUBANESWAR,ORISSA,NON PPN
Hi Tech Medical College And Hospital,"Under Vigyan Bharati Charitable Trust, Pandara,Health 
Park,Rasulgarh,Near NH-5, Kuakhai Bridge,",BHUBANESWAR,ORISSA,NON PPN
Sara Gastro And Laparoscopic Hospital,"Plot No -3564 / 3564 / 4951, Gouri Nagar,,Near Garage 
Chhak,Old Town,,Near Garage Chhak,NIL",BHUBANESWAR,ORISSA,NON PPN
Sunshine Hospitals,"Laxmi Sagar Square ,,Cuttack Puri Road Po- Budheswari 
Colony,",BHUBANESWAR,ORISSA,NON PPN
Shree Hospitals,"246, Lewis Road,Near BJB autonomous College,",BHUBANESWAR,ORISSA,NON PPN
Asg Hospital Pvt Ltd,"1st Floor, Plot No. 493/1629, Kharvela Nagar, Near Shriya 
Talkies,nil",BHUBANESWAR,ORISSA,NON PPN
"Utkal Institute of Medical Sciences And 
Hospital","C/3, Niladri Vihar, Chandrasekharpur,nil",BHUBANESWAR,ORISSA,NON PPN
Radharaman Hospital,"Talatelenga Bazar, Purighat Road,,Near Hanuman Temple,",Cuttack,ORISSA,NON PPN
Shakti Hospital,"Cuttack Plot No: 444, Mahanadi Vihar,Yabazar, 
Cuttack,Cuttack,NIL",CUTTACK,ORISSA,NON PPN
Sun Hospital Pvt Ltd,"Shreevihar Colony,Kanika Chhak,Tulsipur,NIL",CUTTACK,ORISSA,NON PPN
Trisha Hospital,"At-Purighat,Po-Talatelenga Bazar,,Cuttack",Cuttack,ORISSA,NON PPN
East Coast Hospital,"No. 1, Paris Nagar,Moolakulam,Next to Vasantharaja 
Theater,",PONDICHERRY,PONDICHERRY,NON PPN
Bewell Hospitals(Pondicherry),"#15, Lawspet, Green Gardens, ECR,nil",PONDICHERRY,PONDICHERRY,NON PPN
Dr Punjs Artemis Hospital,"890-8, Circular Road, AmritsarCircular Road",AMRITSAR,PUNJAB,PPN
Madaan Hospital,"Majitha Road,,AmritsarNIL",AMRITSAR,PUNJAB,PPN
Adlakha Hospital,"#29 B, Basant Avenue, Race Course Road, GPONIL",AMRITSAR,PUNJAB,PPN
KD Hospital,"7,CIRCULAR ROAD,NEAR MEDICAL COLLEGENIL",AMRITSAR,PUNJAB,PPN
Sanjeevan Hospital,"I/S LAHORI GATE , BACK SIDE POLICE STATION D 
DIVISION,NIL",AMRITSAR,PUNJAB,PPN
"Dr Karam Singh Memorial Orthopaedic 
And Multispeciality Hospital","16-A, DOCTOR AVENUE,CIRCULAR ROAD,AMRITSAR-
143001",AMRITSAR,PUNJAB,PPN
Ranjit Hospital,"G.T.Road Putlighar,,Amrisar",AMRITSAR,PUNJAB,PPN
Uppal Neuro Hospital,"4 Rani Ka Bagh Amritsar,Near State Bank Of 
India,AmritsarNIL",AMRITSAR,PUNJAB,PPN
"Carewell Heart And Super Speciality 
Hospital","MODEL TOWN, G.T.ROAD,AMRITSAR-143001Amritsar",AMRITSAR,PUNJAB,PPN
Sri Guru Ram Dass Charitable Hospital,"Mehta Road, P.O. Vallah,Amritsar",AMRITSAR,PUNJAB,PPN
Apollo Hospital - Amritsar,"#2509/3, Inside Suctan Wind Gate, Bhushanpura",AMRITSAR,PUNJAB,PPN
Hargun Hospital,"Dr. Gurvinder Singh'S Batala Road,,,Amrisar",AMRITSAR,PUNJAB,PPN
Hartej Hospital,"A-290 To 293,,Ranjit Avenue,,Court Road,amritsar",AMRITSAR,PUNJAB,PPN
Fortis Escorts Hospital Amritsar,"MAJITHA VERKA BYPASS ROAD, AMRITSARamritsar",AMRITSAR,PUNJAB,PPN
Gupta Multispeciality Hospital.,"Sant Avenue, GT Road, Amritsar, Punjab-143001Amritsar",AMRITSAR,PUNJAB,NON PPN
Ap Hospital,"530/1, Ajit Nagar Extension, Near Water Tank,",AMRITSAR,PUNJAB,PPN
Randhawa Hospital,"12 Mall Road,Green Avenue,Amiritsar",Amritsar,PUNJAB,NON PPN
Chikitsa ENT Hospital,"60, Pink Plaza, O/S Hall Gate, AmritsarAmritsar",AMRITSAR,PUNJAB,PPN
"Nayyar Heart Institute And Super 
Speciality Hospital","3, Dasondha Singh Road, Lawrence Road, Amritsar- 143001 
Amritsar",AMRITSAR,PUNJAB,PPN
"Life Kare Multi Speciality And Super 
Speciality Hospital","3, Nirankari Colony, Fatehgarh Churian Road, 
AmritsarAmritsar",AMRITSAR,PUNJAB,PPN
Care & Cure Medicity Hospital,"The Mall Road, Batala Road, Near Shivala Bagh Bhaiyan 
Mandir, Amritsar, Punjab 143001Amritsar",AMRITSAR,PUNJAB,PPN
Dr Ved Gupta Hospital,"#355, The Mall Road, GPOAmritsar",AMRITSAR,PUNJAB,PPN
"Akashdeep Hospital Neuro Trauma Multi 
Super Sepciality Hospital","Majitha Road, Bye Pass, OPP. M.B. Polytechnical College 
Amritsar",AMRITSAR,PUNJAB,PPN
Surjit Hospital,"1 Airport Road,Gumtala,Jujhar Singha 
Avenue,,Gumtala,Amritsar",AMRITSAR,PUNJAB,PPN
Apex Hospital,"Batala Road, Near Rishab Auto, AmritsarAmritsar",AMRITSAR,PUNJAB,PPN
New Life Hospital,"Opp Guru Nanak Avenue Majithia Road, AmritsarAmritsar",AMRITSAR,PUNJAB,PPN
Arora Hospital,"Near Petrol Pump,GT Road,Chehharta,NIL",AMRITSAR,PUNJAB,PPN
Dev Hospital Amritsar,"Batala Road,,,Amritsar",Amritsar,PUNJAB,NON PPN
Medcard Multispeciality Hospital,"Opp. Mata Kaulan Ji Bandhi Chhode,Charitable 
Hospital,,Tarn Taran RoadNIL",AMRITSAR,PUNJAB,PPN
"Medicaid Hospital And Critical Care 
Centre","Circular Road,Near Rattan Singh Chowk,Amritsar",AMRITSAR,PUNJAB,PPN
Mokha Hospital And Kidney Care Centre,"905 / 13, Batala Road,,Near Kamal Palace,,AmritsarNIL",AMRITSAR,PUNJAB,PPN
Navpreet Hospital,"G. T. Road,,Putlighar,,Putlighar,NIL",AMRITSAR,PUNJAB,PPN
Neelkanth Hospital,"Near Spring Dail School,Fatehgarh Churian Road,Bye 
Pass,NIL",AMRITSAR,PUNJAB,PPN
Sri Guru Ram Das Charitable Hospital,"Near Gurudwara Shaheedan,,Circular Road,,NIL",AMRITSAR,PUNJAB,PPN
Surinder Hospital,"G T Road, Naraingarh Chowk,Chhehartanil",AMRITSAR,PUNJAB,PPN
Badrinath Hospital,"Fategarh Churian Road Amritsar, PunjabAmritsar",AMRITSAR,PUNJAB,NON PPN
Parkash Hospital,"GT Road, Putlighar, AmritsarAmritsar",AMRITSAR,PUNJAB,PPN
Gupta Hospital,"12-F, Race Cource Road, NILL",AMRITSAR,PUNJAB,PPN
The Corporate Hospital,"Batala Road, Amritsar",AMRITSAR,PUNJAB,PPN
Florem Hospital,MAJITHA ROAD BYEPASS CHOWK Amritsar,AMRITSAR,PUNJAB,PPN
Pulse Hospital,"Maqbool Pura Chowk, Mehta Roadnil",AMRITSAR,PUNJAB,PPN
Nanda Hospital,"MAIN BATALA ROAD, VERKA,nil",AMRITSAR,PUNJAB,PPN
Dr PSPM Janta Hospital,DR. P.S.P. MEMORIAL JANTA HOSPITALnil,AMRITSAR,PUNJAB,PPN
Nagpal Super Speciality Hospital,"The Mall,,,BathindaNIL",BHATINDA,PUNJAB,NON PPN
"Cygnus Health Street Super Specialty 
Hospital",Near Mittal City Mall Bathinda PunjabPunjab,BHATINDA,PUNJAB,NON PPN
Max Super Speciality Hospital Bhathinda,"Nh-64, Near District Civil Hospital,,Mansa Road,,BathindaNIL",BHATINDA,PUNJAB,NON PPN
Pragma Hospital,"Bhatti Road,,,BathindaNIL",BHATINDA,PUNJAB,NON PPN
Chhabra Hospital,80 Feet road Near Stadium BathindaBathinda,BHATINDA,PUNJAB,NON PPN
BJS Bal Memorial Hospital,"11/4 Dharam Pura Colony Quadian Chungi 
JalandharGurdaspur",GURDASPUR,PUNJAB,NON PPN
Kamal Hospital (Jalandhar),"Kishanpura Chowk,,Near Doaba Chowk,,KISHANPURA",Jalandhar,PUNJAB,NON PPN
BBC Heart Hospital,"301,LAJPAT NAGAR,NIL",JALANDHAR,PUNJAB,PPN
Tagore Hospital And Heart Care Centre,"91,Banda Bahadur Nagar,Mahavir Marg,Mahavir MargNIL",JALANDHAR,PUNJAB,PPN
"Kidney Hospital and Lifeline Medical 
institutions","63 & 64, WARYAM NAGAR, COOL ROADOpp. KGM Hospital",JALANDHAR,PUNJAB,NON PPN
Sacred Heart Hospital (Maqsudan),"Maqsudan,,G T Road,,Subhash Nagar,NIL",JALANDHAR,PUNJAB,PPN
Joshi Hospital,KAPURTHALA CHOWKNIL,JALANDHAR,PUNJAB,PPN
Modern Hospital Jalandhar,"#39, Opposite Tara Mount Hotel, Model Town",JALANDHAR,PUNJAB,PPN
Armaan Hospital,"188, Adarsh Nagar, Jalandhar, Punjab 144001Jalandhar",JALANDHAR,PUNJAB,NON PPN
Kapoor Bone And Children Hospital,"Pathankot Bye Pass Chowk, Pathankot Chowk, Jalandhar, 
Punjabjalandhar",JALANDHAR,PUNJAB,PPN
Batra Hospital,Mission Compound JalandharJalandhar,JALANDHAR,PUNJAB,PPN
Capitol Hospital,"Jalandhar-Pathankot Road, Nh-44, Near Reru Chowk,",JALANDHAR,PUNJAB,PPN
Dmc Hospital And Trauma Centre,"Op. T. V. Centre, 57,,Shaheed Udham Singh Nagar,NIL",JALANDHAR,PUNJAB,PPN
Ghai Hospital (Jalandhar),"No.661 A & B,Guru Teg Bahabur Nagar,,,NIL",JALANDHAR,PUNJAB,PPN
Johal Hospital,"Hoshiarpur Road,Ramamandi,NIL",JALANDHAR,PUNJAB,PPN
Kapil Hospital,"Near New Courts,,Opp. Commissioners Office,Civil 
Lines,Rajinder Nagar,NIL",JALANDHAR,PUNJAB,PPN
Makkar Hospital,"379,Adarsh Nagar,,Nr.M.G.N College,,",Jalandhar,PUNJAB,NON PPN
National Kidney Hospital,"E.H. 175, Civil Lines,Opp. Session Courts,",Jalandhar,PUNJAB,PPN
Ranjit Hospital,"Patel Chowk,58,,Kapur Thla Road,,",Jalandhar,PUNJAB,NON PPN
Shakuntala Devi Vig Hospital,"Kapurthala Rd Near Jammu Hospital,Raj Nagar Adarsh 
Nagar,NIL",JALANDHAR,PUNJAB,PPN
Vasal Hospital,"Adarsh Nagar,,,",Jalandhar,PUNJAB,PPN
"Vedanta Multispeciality Hospital And 
Trauma Centre","18, Guru Ravidass Nagar, Jalandhar,Near Ravidass 
Chowk,Ravidass Nagar",Jalandhar,PUNJAB,NON PPN
Shrimann Superspeciality Hospital,"village-Noorpur, , Pathankot Byepass Road,nil",JALANDHAR,PUNJAB,PPN
"Global Hospital A Unit of Sood Hospital 
Pvt Ltd","10 Link Road,Model Town,Jalandhar",JALANDHAR,PUNJAB,PPN
Sikka Hospital,"125, Sus Nagarnil",JALANDHAR,PUNJAB,PPN
Sarvodaya Hospital,"Main GT Road,nil",JALLANDHAR,PUNJAB,PPN
Jain Multispeciality Hospital,"Near Khanna City Centre,,Opposite Electricity Board , G.T 
Road,,NIL",KHANNA,PUNJAB,NON PPN
RG Stone And Super Speciality Hospital,"510 - L,,Model Town,LudhianaLudhiana",LUDHIANA,PUNJAB,PPN
Sirish Hospital,"B-XX 1140, KRISHNA NAGARLudhiana",LUDHIANA,PUNJAB,PPN
"Deep Nursing Home And Children 
Hospital","481-R Model Town Ludhiana Near Lyallpur Sweets,NIL",LUDHIANA,PUNJAB,PPN
Aims Bassi Hospital Pvt Ltd,"200 Tagore Nagar,Opp.New Dmc, Opp. Postal 
Colony,Ludhiana",LUDHIANA,PUNJAB,PPN
Toor Hospital,"#1191/10, Main Road, Haibowal Kalan,NIL",LUDHIANA,PUNJAB,PPN
"Aastha Kidney And Super Speciality 
Hospital","B-20, 1197/1, Krishna Nagar, Civil Lines,",LUDHIANA,PUNJAB,PPN
Fortis Hospital Ludhiana,"6Kms From Samrala Chowk, Chandigarh Roadnil",LUDHIANA,PUNJAB,PPN
Satguru Pratap Singh Apollo Hospital,"Sherpur Chowk, GT Road,Ludhiana",LUDHIANA,PUNJAB,PPN
Avasthi Bone And Joint Clinic Hospital,"135, Green Park, Opp. Prince Hostel, Civil 
Lines,,LudhianaNIL",LUDHIANA,PUNJAB,PPN
Bansal Hospital(Ludi),"Near Bhuriwala, Opposite Bhuriwala Gurudwara, Haibowal 
Kalan,",LUDHIANA,PUNJAB,PPN
"Christian Medical College And Hospital 
(CMC)",Brown RoadLudhiana,LUDHIANA,PUNJAB,PPN
Eva Hospital,"40, New Lajpat Nagar,,Pakhawal Road, Ludhiana,Pakhowal 
RoadNIL",LUDHIANA,PUNJAB,PPN
"Global Heart And Super Speciality 
Hospital","Nr Octroi Post,,Fze Road,NIL",LUDHIANA,PUNJAB,PPN
Hope Hospital,"28-B,Tagor Nagar,Civil Lines,,Opp Hero Dmc Heart,Insti. 
Civil LinesNIL",LUDHIANA,PUNJAB,PPN
Kalra Hospital,"Chowk Baba Than Singh,,Shingaar Cinema Road,NIL",LUDHIANA,PUNJAB,PPN
Kalyan Hospital(Ludhiana),"Div No. 3 Chowk,,Near Fire Brigade,,Samrala Road,NIL",LUDHIANA,PUNJAB,PPN
Sri Balaji Super Speciality Hospital,"31, Satguru Nagar Opp. Verka Milk Plant,,Firuzpur Road,NIL",LUDHIANA,PUNJAB,PPN
Healthline Multispecialty Hospital,"191, Tagore Nagar Civil Lines LudhianaLudhiana",LUDHIANA,PUNJAB,NON PPN
"Orison Superspeciality Hospital inferlity 
And Trauma Centre","Adarsh Nagar, Barewal Road, Opp. Grand Walk Mall, 
Ferozepur Road-LudhianaLudhiana",LUDHIANA,PUNJAB,PPN
Goyal Hospital,"B-1, Flower Enclave, 200 Feet road, Dugri, Basant Avenue,",LUDHIANA,PUNJAB,PPN
Neurociti Hospital,"B-XX/2034, GOBIND NAGAR, NEAR HOTEL ONN,nil",LUDHIANA,PUNJAB,PPN
Hunjan Bone And Joint Hospital,"56, South Model Gram, Kochar Market Road,nil",LUDHIANA,PUNJAB,PPN
Pancham Hospital,"SCO 34-37 Canal Road,Jawadinil",LUDHIANA,PUNJAB,PPN
Prolife Multispeciality Hospital,"Vill. Gill.,Malerkotla Road, nil",LUDHIANA,PUNJAB,PPN
Max Super Speciality Hospital Mohali,"Near Civil Hospital, Phase-Vi, Sas Nagar, Near Verka Milk 
PlantMohali",MOHALI,PUNJAB,PPN
Liberty Multispeciality Hospital,"1799-1800,PHASE-3-B-2Mohali",MOHALI,PUNJAB,PPN
Cosmo Hospital,"Sector 62 , Phase 8 Mohali,Near Bus Stand,Mohali",MOHALI,PUNJAB,PPN
"Behgal Hospital (Bahgal Institute Of It 
And Radiation Technology)","F-431,435,436, Industrial Area,,Phase 8-B,,Mohali",MOHALI,PUNJAB,NON PPN
"Mayo Healthcare Super Speciality 
Hospital","Sector69,Near Gurudwara Singh Shaheedan,MohaliNIL",MOHALI,PUNJAB,PPN
JP Hospital,"Ambala Chandigarh road, Zrakpur, Distt. Mohali, Punjabi-
140602Mohali",MOHALI,PUNJAB,PPN
Cosmo Hospital(Surya Kidney Care),"Shivalik hospital, Sec-69, Ajit Garh, MohaliMohali",MOHALI,PUNJAB,PPN
Chawla Nursing Home And Hospital,"K. No. 1 & 2,,Phase-Vll, Sector 60,,MohaliNIL",MOHALI,PUNJAB,PPN
Harmony Hospital,"Sco 116, Phase-5, Indl.Area,,Shahi Majra, Sector-58,Near 
J.D Hotel,NIL",MOHALI,PUNJAB,PPN
Healthsure Multispeciality Hospital,"Chandigarh - Ludhiana Road, Vpo Gharuan,,Near Bus Stand 
Gharuan,NIL",MOHALI,PUNJAB,NON PPN
Shalby Hospital (Silver Oak),"Phase - 9, Sector 63, SAS Nagar, nil",MOHALI,PUNJAB,PPN
Amandeep Hospital,"Dalhousie Road Mamoon,,Mamoon Cantt,,Pathankot",Pathankot,PUNJAB,NON PPN
Kalyani Hospital (Pathankot),"Ab College, Near Radha Swami Satsang Bhawan,,,NIL",PATHANKOT,PUNJAB,NON PPN
Columbia Asia Hospitals Pvt Ltd (Patiala),"# 22, Bhupindra Road,,22 No. Phatak,NIL",PATIALA,PUNJAB,NON PPN
Neelam Hospital And Maternity Home,"Nh- 64, Rajpura-Chandigarh Road ,,Opp. Chitkara 
University,,Vill - Fatehpurgarhi ,",RAJPURA,PUNJAB,NON PPN
Guru Nanak Hospital (Rajpur),"Guru Nanak Complex,,Sham Nagar, Near Lic 
Office,,RajpuraNIL",RAJPURA,PUNJAB,NON PPN
Baweja Multispeciality Hospital,"1571/39, Preet Colony,,Opp Civil Hospital, Rupnagar,",ROPAR,PUNJAB,NON PPN
Amcare Medical And Research Hospital,VIP Road ZirakpurZirakpur,ZIRAKAPUR,PUNJAB,PPN
"Kshetrapal Hospital Multi Speciality And 
Research Centre","Sector-C, Panchsheel Nagar,,Near Jhalkari Bai Smarak,",AJMER,RAJASTHAN,NON PPN
Mewar Hospital Pvt Ltd(Ajmer),"A-175,Hari Bhau Upadhyay Nagar,Near Glitz,NIL",AJMER,RAJASTHAN,NON PPN
Mittal Hospital And Research Centre,"Pushkar Road,,AjmerNIL",AJMER,RAJASTHAN,NON PPN
Sania Hospital,"248-249, N E B,Subhash Nagar,,AlwarNIL",Alwar,RAJASTHAN,NON PPN
Harish Hospital Pvt Ltd,"1, Raghu Commercial Complex,,Scheme No. 10,,Nr. Jail 
CircleNIL",ALWAR,RAJASTHAN,NON PPN
Hi-Tech Hospital,"4, Krishna Colony, Ambedkar CircleNIL",ALWAR,RAJASTHAN,NON PPN
Solanki Hospital,"10,Ram Kuteer,,Near Ashok Circle,AlwarNIL",ALWAR,RAJASTHAN,NON PPN
Soni Devi Memorial Hospital,"Near ASP Office, Neemrana,Alwarnil",ALWAR,RAJASTHAN,NON PPN
Satish Hospital,"CC-01, Ricco Industrial Area,Near Krishna Tower,Neemrana",ALWAR,RAJASTHAN,NON PPN
Om Hospital,"Narnaul Road, BehrorOld Bus Stand,",ALWAR,RAJASTHAN,NON PPN
Asg Hospital Pvt Ltd Balotra,"Nahta Hospital Road Near Ram Kutiya,,",Balotra,RAJASTHAN,NON PPN
Mewar Hospital Pvt Ltd (Banswara),"Shyam Colony,,Udaipur Road,,BanswaraNIL",BANSWARA,RAJASTHAN,NON PPN
Thar Hospital And Multispeciality Centre,"On NH 15,Near kailash hotel,barmer",BARMER,RAJASTHAN,NON PPN
Pradeep Hospital & Fracture Clinic,"Outside Be-Narayan Gate, Circular Road, Bharatpur,Infront 
of ICICI Bank,",BHARATPUR,RAJASTHAN,NON PPN
Vijay Hospital,"Near Kanjoli Line, Railway Over Briage, Deeg Road, 
Bharatpur, Rajasthan-321001Bharatpur",BHARATPUR,RAJASTHAN,NON PPN
Porwal Hospital,"Love Garden Road, RC Vyas Colony, BhilwaraBhilwara",BHILWARA,RAJASTHAN,NON PPN
Bhansali Hospital,"Rajiv Gandhi Auditorium Road, R C Vyas Colony, Bhilwara, 
Rajasthan 311001Bhilwara",BHILWARA,RAJASTHAN,NON PPN
Brijesh Banger Memorial Hospital,"Behind Rajiv Gandhi Auditorium,R.C. Vyas colony,nil",BHILWARA,RAJASTHAN,NON PPN
Mewar Hospital Pvt Ltd (Bhilwara),"8-F- 7 ,Near Rajiv Gandihi Audotirium, R.C.Vyas Collony,nil",BHILWARA,RAJASTHAN,NON PPN
Asg Hospital Pvt Ltd(Bikaner),"NEAR KHADI EMPORIUM, OPP KHATURIA HOUSE, RANI 
BAZAR, BIKANERNIL",BIKANER,RAJASTHAN,NON PPN
MN Hospital And Research Centre,"Near Dr Karmi Singh Stadium,,,BikanerNIL",BIKANER,RAJASTHAN,NON PPN
Jeevan Raksha Hospital,"A-156, Opp.SBI Bank,Sardul Ganj,nil",BIKANER,RAJASTHAN,NON PPN
MP Birla Hospital And Research Centre,"Birla Hospital Road, Senthi,Opp. Rajiv Gandhi Park,",CHITTORGARH,RAJASTHAN,NON PPN
Mewar Hospital Pvt Ltd (Chittorgarh),"27, Khumbhanagar, Near Railway fatak, By pass Road,nil",CHITTORGARH,RAJASTHAN,NON PPN
Churu Multispeciality Hospital,"Ward No.16, Nai Sadak,Near Balaji hardware,",CHURU,RAJASTHAN,NON PPN
Tantia General Hospital,"2-A-6 , Sukhadia Nagar,,Midway Between Sukhadia Circle 
And Meera Chowk On The Main Road,NIL",GANGANAGAR,RAJASTHAN,NON PPN
Aastha Kidney And General Hospital,"2-D-1 SUKHADIA NAGAR,SAI GANGANGARBehind Tantia 
General Hospital",GANGANAGAR,RAJASTHAN,NON PPN
"Shri Kanha Ram saharan Memorial 
Trauma And Multispeciality Hospital","Near MGM Govt Hospital,Hanumangarh Dist.",HANUMANGARH JN,RAJASTHAN,NON PPN
Deep Hospital And Research Centre,"Khatipura Road,,JhotiwaraJhotwara",Jaipur,RAJASTHAN,PPN
Manu Hospital And Research Centre,"A-1a,Shyam Nagar,,Near Central Academy 
School,Sodala,,SodalaNIL",JAIPUR,RAJASTHAN,PPN
Apex Hospital Pvt Ltd,"Sp-4&6 Malviya Nagar Industrial Area,Malviya Nagar Near 
Calgary Eye Hospital,Malviya NagarNIL",JAIPUR,RAJASTHAN,PPN
Soni Hospital,"38, Kanota Bagh, JLN Marg",JAIPUR,RAJASTHAN,PPN
Tagore Hospital And Research Institute,"Tagore Lane, Sector-7,,Shipra Path, Madhya Marg, 
Mansarovar",JAIPUR,RAJASTHAN,PPN
"Shekhawati Hospital And Research 
Centre","A/2, Opp. Time Square,,Central Spine,,Vidhyadhar NagarNIL",JAIPUR,RAJASTHAN,PPN
Bani Park Hospital,"D - 9, Kabir Marg,,Bani Park,,JaipurJaipur",JAIPUR,RAJASTHAN,PPN
Imperial Hospital And Research Centre,"Kanwatia Circle,,Shastir Nagar,JaipurNIL",Jaipur,RAJASTHAN,PPN
Bhandari Hospital and Research Centre,"138-A, Vasundhara Colony, Gopalpura Bypass, Tonk Road",JAIPUR,RAJASTHAN,PPN
"Dhanwantri Hospital And Research 
Centre","67/56-A,NEW SANGANER ROAD,Mansarovar,Near Kids Club 
School",JAIPUR,RAJASTHAN,NON PPN
Jain Ent Hospital(Jaipur),"23-24, Satya Vihar Colony Pankanj Singhavi Marg,,Near 
New Vidhan Sabha,,Lal Kothi,JAIPUR",JAIPUR,RAJASTHAN,PPN
"Bhagwan Mahaveer Cancer Hospital And 
Research Centre","Jawahar Lal Nehru Marg,,Near Saaras Sankul,,Near Saaras 
Sankul,NIL",JAIPUR,RAJASTHAN,PPN
Gopinath Hospital Pvt Ltd,"SEC-8, CHETAK MARG, PARTAP NAGAR, SANGANER, 
JAIPURNIL",JAIPUR,RAJASTHAN,PPN
Jain Hospital,"605-606, Shanti Path,,Sindhi Colony,Rajpark,Near Mama ka 
Hotel",JAIPUR,RAJASTHAN,NON PPN
Marudhar Hospital,"A-93-99, Singh Bhoomi,,Khatipura,,JaipurNIL",JAIPUR,RAJASTHAN,PPN
"Rukmani Birla Hospital(A Unit Of The 
Calc)","Triveni Flyover,,Gopalpura By Pass Road,,NIL",JAIPUR,RAJASTHAN,NON PPN
Rajgirish Hospital,"A 12, RIICO IND. AREA, BINDAYAKA, SIRSI ROAD,NIL",JAIPUR,RAJASTHAN,NON PPN
Sardarmal Khandaka Memorial Hospital,"Hathoj,,Kalwar Road,,Jhotwara To Kalwar RoadJAIPUR",Jaipur,RAJASTHAN,PPN
Swastik Hospital,"3-KH-5A, Petrol Pump Lane, Opp BSNL Office, Jawahar 
Nagar,nil",JAIPUR,RAJASTHAN,NON PPN
Apex Hospital Mansarovar,"Vidhayanchal Marg,,Rajat Path,,Mansarovar",Jaipur,RAJASTHAN,NON PPN
"Apollo Spectra Hospitals (Apollo 
Speciality Hospitals Private Ltd) 
(Mahaver","J-2/37, Mahaveer Marg,,Opposite Jai Club, C-
Scheme,,Mahaveer MargNIL",JAIPUR,RAJASTHAN,NON PPN
Archana Hospital (Jaipur),"26/27 Shiv Colony,Airport Circle,Stanganer",Jaipur,RAJASTHAN,PPN
Asg Hospital Pvt Ltd Mansarovar,"No.94/7 Madhyam Narg Vijay Path Chouraha,,Mansarovar",Jaipur,RAJASTHAN,NON PPN
Asg Hospital Pvt Ltd Pali,"Opp Bangar College,,Bajrang Bagh Road,,Pali",Jaipur,RAJASTHAN,NON PPN
Asg Hospital Pvt Ltd Vaishalinagar Jaipur,"No.A/18 Ridhi Sidhi Tower Near Vaishali Tower To Nursery 
Circle,Vaishali Nagar,",Jaipur,RAJASTHAN,NON PPN
"Asian Superspeciality Hospital And 
Trauma Centre ( A Unit Of SNR 
Healthcare)","Chandpole Bazar, Behind Zanana Hospital,,Near Pareek 
College,NIL",JAIPUR,RAJASTHAN,NON PPN
Asopa Hospital,"93-B, Tagore Nagar,,Near Kiran Place,,Ajmer Road,NIL",JAIPUR,RAJASTHAN,PPN
Bagra Maternity And General Hospital,"Saipura Bypass, Diggi Road,,Madrampura, Sanganer,",Jaipur,RAJASTHAN,NON PPN
Bansal Hospital(Jaip),"4,Janakpuri,1st, Imli Wala Phatak,Near Vidhan SabhaNIL",JAIPUR,RAJASTHAN,PPN
"Bhagwan Mahaveer Hospital And 
Research Centre","Opp. Brahman Dharmshala, Bayana Road, Hindaun City, 
Near Maniram Park,,,",Jaipur,RAJASTHAN,NON PPN
CBLM Memorial Holy Family Hospital,"43, Ashok Vihar, Ambabadi Puliya Bridge, Jhoiwara 
Road,Behind Petrol Pump,,Zhotvada RoadNIL",JAIPUR,RAJASTHAN,PPN
Chirayu Hospital,"Hathoj,Kalwar Road,P.O.JaipurGovindpura",JAIPUR,RAJASTHAN,PPN
Curewell Hospital,"1/51-53, Sfs, Mansarovar,,jaipur",JAIPUR,RAJASTHAN,PPN
Fortis Escorts Hospital Jaipur,"Jawaharlal Nehru Marg, Malviya NagarNIL",JAIPUR,RAJASTHAN,NON PPN
Ghiya Hospital,"68, Siddharth Nagar,,E-Block,Sector 12, Main Road,Malviya 
Nagar",Jaipur,RAJASTHAN,PPN
Global Heart And General Hospital,"C - 1/27, Opp. Bhara Apartment,,Near Ghandhi Path 
Chitrakoot Ajmer Road, Gandhi Path",JAIPUR,RAJASTHAN,PPN
Goyal Hospital Jaipur,"A-1, Pani Ki Tanki Circle,,Shastri Nagar,,",Jaipur,RAJASTHAN,PPN
Heart And General Hospital Jaipur,"7, Vivekanand Marg,,C - Scheme, Opp S M S 
Hsopital,JaipurNIL",JAIPUR,RAJASTHAN,PPN
Krishna Heart And General Hospital,"#138, Prem Niwaspandit TN Mishra Road, Near Ganga 
Jamuna Petrol Pumpswami Vihar, Nirman Nagar",JAIPUR,RAJASTHAN,NON PPN
Malpani Multispeciality Hospital,"S P - 6, Road No - 1, Vishwakarma Industrial Area,,Nr. V K I 
Association Bhawan, Sikar Road",JAIPUR,RAJASTHAN,PPN
Maya Devi Hospital,"C-386,Sudama Kutee Road,Mahesh Nagar,Jaipur,,Jaipur",Jaipur,RAJASTHAN,PPN
"Metro Mas Heartcare And Multispeciality 
Hospital","Manas Arogya Sadan, Shipra Path,,Near Techology 
Park,,MansarovarNIL",JAIPUR,RAJASTHAN,PPN
Metropolitan Hospital (Jaipur),"203,Officer'S Campus ,,Sirsi Road,,Jaipur,NIL",JAIPUR,RAJASTHAN,PPN
Mewar Hospital Pvt Ltd (Jaipur),"5-9 Ajmer Road, Shyam Nagar,,,",Jaipur,RAJASTHAN,PPN
Monilek Hospital And Research Centre,"Sector 4, Jawahar Nagar",JAIPUR,RAJASTHAN,PPN
Narayana Multispeciality Hospitals,"Sec-28 Kumbha Marg,,Pratap Nagar,,SanganerNIL",JAIPUR,RAJASTHAN,NON PPN
Precious Hospital,"B-228, Vaishali Marg,,Opp. Gaurav Restrurent,,Near Vaishali 
Nagar,",Jaipur,RAJASTHAN,NON PPN
"Ram Janki Memorial Vijay Vergiya 
Hospital","9, Vishnupuri,,Jagalpura Road,,Japur",Jaipur,RAJASTHAN,PPN
Rawal Hospital,"Bhankrota,Ajmer Road,Jaipur",Jaipur,RAJASTHAN,PPN
Rungta Hospital,"Malviya Nagar,Kalgary Road,JaipurNIL",JAIPUR,RAJASTHAN,PPN
"SR Kalla Memorial Gastro And General 
Hospital","78, Dhuleshwar Garden, Behind Hsbc Bank,,Sardar Patel 
Marg, C Scheme,JaipurNIL",JAIPUR,RAJASTHAN,PPN
Sahai Hospital And Research Centre,"A - 73, Bhabha Marg,,Moti Dungri,",Jaipur,RAJASTHAN,PPN
Shri Amar Jain Hospital,"Chaura Rasta Jaipur,,",Jaipur,RAJASTHAN,PPN
Shri Hospital (Vishnupuri),"4-5, Vishnupuri,,Jagatpura Road,Near Bank of Baroda",JAIPUR,RAJASTHAN,NON PPN
Shubh Hospital,"A - 35, Vidhyut Nagar,,Ajmer Road,,JaipurNIL",JAIPUR,RAJASTHAN,NON PPN
Sita Devi Hospital,"74 Sri Ram Colony,,Behind Chambal Grid,,Hawa Sadak",Jaipur,RAJASTHAN,PPN
"Manipal Hospital( Manipal Hospital Jaipur 
Pvt.Ltd)","Sector - 5, Vidhyadhar Nagar,",JAIPUR,RAJASTHAN,NON PPN
Sparsh Hospital(Jaip),"Asind Nagar, Near Sanganer Road,,Chouradiya Petrol 
Pump,,Sanganer,",Jaipur,RAJASTHAN,PPN
Swastik Multispeciality Hospital,"Near Congress Office, N.H. 8,Dudu,NIL",JAIPUR,RAJASTHAN,NON PPN
T.K. Hospital,"Moti Doongri Road,,Jaipur",Jaipur,RAJASTHAN,NON PPN
"The Royal Orthopaedic Hospital And 
Sports Injury Center (Jaipur)","B/73-A,Lalkothi,Scheme,Sahakar Marg,,",Jaipur,RAJASTHAN,PPN
"Shalby Hospital, Jaipur","Gandhi Path, Sector-3, Chitrakoot, Jaipur, Rajasthan 
302021nil",JAIPUR,RAJASTHAN,PPN
Rajat Maternity And General Hospital,"143, Sirshi Road, Engineer Colony, Panchyawala, Jaipur, 
Rajasthan 302034Rajasthan",JAIPUR,RAJASTHAN,NON PPN
HCG Hospital,"Shipra Path, Mansarovar Sector 5, Mansarovar, Jaipur, 
Rajasthan 302020Jaipur",JAIPUR,RAJASTHAN,PPN
"Dana Shivam Heart And Super Speciality 
Hospital","2-Opp Times, Squar,Sec-2, Vidyadhar Nagarnil",JAIPUR,RAJASTHAN,NON PPN
Shivam Super Speciality Hospital,"268,Sec-26,Adjoining with bhartiya vidya bhawan 
school,Pratap NagarNear NRI Circle",JAIPUR,RAJASTHAN,NON PPN
Agrawal Heart & General Hospital,"H-1-58, Old RIICO, Link Road, Bagru",JAIPUR,RAJASTHAN,NON PPN
Indus Jaipur Hospital,"Sec-5,B-Block,Shipra Path,Mansarover,Near Technology 
Park",JAIPUR,RAJASTHAN,NON PPN
Maxwell Hospital,"Subhash Nagar Shoping Center,Main Jhotwara Road,Near 
Peetal Factory,Opp. Khandaka Marriage Garden,",JAIPUR,RAJASTHAN,NON PPN
"Maharaja Agrasen Superspeciality 
Hospital","Central Spine,Sec-7,Vidhyadhar Nagar,Agrasen Aspatal 
Marg,",JAIPUR,RAJASTHAN,NON PPN
Adinath Ent & General Hospital,"B-102a, Udai Marg, Tilak Nagar, Raja park,Behind LBS 
College,",JAIPUR,RAJASTHAN,NON PPN
Kandoi Hospital,"98-99, Mohru Vihar,Mukundpura Road,Bhankrota,Ajmer 
Road,Radhika garden,",JAIPUR,RAJASTHAN,NON PPN
CKS Hospitals,"F 98A,VKIA, Road No.6 Main, Sikar Road",JAIPUR,RAJASTHAN,PPN
SCR Superspeciality Hospital SCR,"S-1,Opp Mosaic Hotel, RFC Colony, Sirsi Road,Vaishali 
nagar,",JAIPUR,RAJASTHAN,NON PPN
"Shri Ram Hospital(Shri Ram Super 
Speciality Surgical Centre Pvt Ltd)(Jalore)","Plot No.14, Ladhu Udyog Vihar,Bhinmal Road,",JALORE CITY,RAJASTHAN,NON PPN
Metro Hospital and Trauma centre,"Road No -3, Dist Jhunjhunu, Delhi-Jaipur Highway 
Road,Near Golai Mode,Gudha Mode,",JHUNJHUNU,RAJASTHAN,NON PPN
R And R Multispeciality Hospital,"23,Churu Road,Near Bandhe ka Balaji,",JHUNJHUNU,RAJASTHAN,NON PPN
Ravindra Hospital,"Near Railway Station,Sikar Road,Nil",JHUNJHUNU,RAJASTHAN,NON PPN
Oxford Hospital,"Sagira Circle,Churu-Bypass Road,nil",JHUNJHUNU,RAJASTHAN,NON PPN
"CKRD Memorial Hospital And Research 
Institute","E-4, Subhash Marg, Indira Nagar,nil",JHUNJHUNU,RAJASTHAN,NON PPN
"Goyal Hospital And Research Centre Pvt 
Ltd","961/3,Residency Road,Opp Rotary Hall,JodhpurNIL",JODHPUR,RAJASTHAN,NON PPN
Kamla Nagar Hospital,"A, Pal Link Road,JodhpurNear K.N. Chest Hospital",JODHPUR,RAJASTHAN,NON PPN
Vasundhara Hospital,"Secter 11,Chopasani Housing Board,Jodhpur,NIL",JODHPUR,RAJASTHAN,NON PPN
Asg Hospital Pvt Ltd Paota,"2a Section 7 Extn, New Power House Road,7-8, 4th 
Floor,Mandore Road-PaotaNIL",JODHPUR,RAJASTHAN,NON PPN
Asg Hospital Pvt Ltd,"A-322,Near Hanuwant School,,Shastri Nagar,NIL",JODHPUR,RAJASTHAN,NON PPN
Asg Hospital Pvt Ltd Basni Jodhpur,"Plot No.136-B Sector-A Saraswati Nagar,,Basni Jodhpur",Jodhpur,RAJASTHAN,NON PPN
Asg Hospital Pvt Ltd,"Plot No.1, Shyam Nagar,,,Pal Link Road,JodhpurNIL",JODHPUR,RAJASTHAN,NON PPN
"Balaji Hospital -A Unit Of 25 Wellness 
And Research Centre Pvt Ltd","100, Megh Nagar ,Near Ashok Udhyan Pal roadNIL",JODHPUR,RAJASTHAN,NON PPN
"Kailash Hospital Trauma And Research 
Center","No: 418-419, Road No : 12 ,,Jaipur Road, Mohan Nagar - B, 
B.J.S Colony,Kalvi Pyaunil",JODHPUR,RAJASTHAN,NON PPN
Krishna Super Speciality Hospital,"10, Shri Krishna Nagar, Nehar roadNIL",JODHPUR,RAJASTHAN,NON PPN
Medipulse Hospital,"E-4, Mta, Basni Phase 2nd, Opp Aiims Hospital,JodhpurNIL",JODHPUR,RAJASTHAN,NON PPN
"Dhanwantri Hospital And Research 
Centre","21/22, Rawat Nagar, Kheme Ka Kunwa Pal roadnil",JODHPUR,RAJASTHAN,NON PPN
Preksha Hospital,"4, Main Pal Road, nil",JODHPUR,RAJASTHAN,NON PPN
Global Care Hospital,"3/4 A(1), Polo First, Fort Road,Paota,Near Ship House,",JODHPUR,RAJASTHAN,NON PPN
Chanddni Hospital,"3-L-1,2, Talwandi, Kota,,NIL",KOTA,RAJASTHAN,NON PPN
Jain Surgical Hospital,"559-A, Shrinathpuram, Sector-A,Opp. Bank of Baroda",KOTA,RAJASTHAN,NON PPN
Jaiswal Hospital And Neuro Institute,"1 - K A - 28,Vigyan Nagar,Kotajhalawar road",KOTA,RAJASTHAN,NON PPN
Kota Trauma Hospital,"1C-2C, Shivaji market,Kota,Opp. Chambal Garden",KOTA,RAJASTHAN,NON PPN
Maitri Hospital.,"2-A Talwandi Scheme,,I.Lchowraha,TalwandiOpp. 
Commerce College,",KOTA,RAJASTHAN,NON PPN
Mewar Hospital Pvt Ltd(Kota),"2-H-1,Vigyan Nagar,NIL",KOTA,RAJASTHAN,NON PPN
SK Ramchandani Orthopaedic Hospital,"44-A, Talwandi,,Commerce College Road,NIL",KOTA,RAJASTHAN,NON PPN
"S.N.Pareek Memorial Hospital And 
Research Centre Sansthan","3, Basant Vihar,KotaNIL",KOTA,RAJASTHAN,NON PPN
"Sudha Hospital And Medical Research 
Center Pvt Ltd","11-A, Talwandi,Jhalawar Road,,KotaNIL",KOTA,RAJASTHAN,NON PPN
"Radhakrishana Criticalcare And General 
Hospital","1-C-12, Sheela Choudhary Road,SFS Talwandi",KOTA,RAJASTHAN,NON PPN
"Shanti Hospital Mother Child Ans 
Multispeciality","C-44,45,Shreenath Puramnil",KOTA,RAJASTHAN,NON PPN
Yadav Hospital,"7-A-4,Mahaveer Nagar,Near Teen Batti Circle,",KOTA,RAJASTHAN,NON PPN
Kinker Hospital And Research Centre,"6-A, Talwandi,nil",KOTA,RAJASTHAN,NON PPN
Asg Hospital Pvt Ltd (Nagaur),"House No-30 Sainik Colony,,Near Sugan Singh Circle,Nagaur",Nagaur,RAJASTHAN,NON PPN
"Shri Ram Hospital(Shri Ram Super 
Speciality Surgical Centre Pvt Ltd)","B-18,Veer Durgadas Nager,Opp Rotary Club.,NIL",PALI,RAJASTHAN,NON PPN
Garg Hospital And Research Centre,"Bheru Darwaza,nil",SAWAI MADHOPUR,RAJASTHAN,NON PPN
Dhayal Hospital Research Centre (Sikar),"National Highway -11,,Near Math Mandir,Reengus,NIL",SIKAR,RAJASTHAN,NON PPN
Gurukripa Hospital,"Gurukripa Circle, Jyoti Nagar,Piprali Road,nil",SIKAR,RAJASTHAN,NON PPN
Asg Hospital Pvt Ltd (Ganganagar ),"House No.2-F-8 ,,Jawahar Nagar,Sri Ganganagar",Sriganganagar,RAJASTHAN,NON PPN
Shri Om Sai Multi Speciality Hospital,"Sector 17 Market Opp. Andh Vidyalaya ,,Hanuman 
Road,,SriganganagarNIL",SRIGANGANAGAR,RAJASTHAN,NON PPN
"Medanta S N Superspeciality Hospital Pvt 
Ltd","2ML, Suratgarh-hanumangarh Bypass,Via-Chahal Chowk",SRIGANGANAGAR,RAJASTHAN,NON PPN
Agrawal Hospital,"Park Plaza City,TonkS.M. Road,",TONK,RAJASTHAN,NON PPN
Asg Hospital Pvt Ltd (Udaipur),"# 7c-2 Meera Marg Opp Rsmm Office,Near Meera Bai Girls 
College,MadhubanNIL",UDAIPUR,RAJASTHAN,NON PPN
Paras Jk Hospital Udaipur,"Plot No. 1, Shobhaghpura, 100 Feet Road,,Near Chawala'S 
Restaurant,UdaipurNIL",UDAIPUR,RAJASTHAN,NON PPN
Gbh American Hospital,"101, Kothi Bagh,,Bhatt Ji Ki Bari,UdaipurNIL",UDAIPUR,RAJASTHAN,NON PPN
Mewar Hospital Pvt Ltd (Udaipur),"Priydarshani Nagar,BedlaNIL",UDAIPUR,RAJASTHAN,NON PPN
Pacific Medical College And Hospital,"Bhilon Ka Bedla, Pratap Pura, N.H.27, Teh-Girwa",UDAIPUR,RAJASTHAN,NON PPN
Shantiraj Hospital Pvt Ltd,"699, Arjun Nagar, Sector-11, Hiran Magri,Gawri Chowk",UDAIPUR,RAJASTHAN,NON PPN
"Dr Chaudhary Hospital And Research 
Centre Pvt Ltd","473, Sec-4, Hiran Magri,Udaipur-313002Narayan Sewa 
Sansthan Road",UDAIPUR,RAJASTHAN,NON PPN
Siddhi Vinayak Hospital,"BA 365, Sec-6,Jhadav Nursery,nil",UDAIPUR,RAJASTHAN,NON PPN
Shriram Spine Hospital,"3, Madhuban,nil",UDAIPUR,RAJASTHAN,NON PPN
Sai Fertility Centre And Hospital,"No.43, Old No.21, Devarajanar Street,Vedachala 
Nagar,Dist.kanchipuram,opp To State Bank Of India",CHENGALPATTU,TAMILNADU,NON PPN
Deepam Hospital Pvt Ltd,"327, MUTHRANGAM ROAD, WEST TAMBARAM ,Chennai",CHENNAI,TAMILNADU,PPN
Venkataeswara Hospitals,"36A, CHAMIERS ROAD, NANDANAMNIL",CHENNAI,TAMILNADU,PPN
Aditya Hospital Chennai,"NO-7, BARNABY ROAD, KILPAUKNIL",CHENNAI,TAMILNADU,PPN
Sri Venkateshwara C M Hospital,"NO-1, 47th No: 1, 5th Main Road, Nanganallur",CHENNAI,TAMILNADU,PPN
Miot Hospitals Ltd,"4/112,MOUNT POONAMALLEE ROAD, 
MANAPAKKAM,CHENNAI-600089NIL",CHENNAI,TAMILNADU,PPN
Anjakha Hospital,"No. 23, Medavakkam Main Road, Madipakkam, 
Kancheepuram , ChennaiChennai",CHENNAI,TAMILNADU,PPN
Apollo Hospitals And Group Hospital,"#21, Greams Lane, Off Greams Road,",CHENNAI,TAMILNADU,PPN
Sakthi Hospital And Research Centre,"175, BIG STREET, TRIPLICANE, CHENNAINIL",CHENNAI,TAMILNADU,PPN
"Christudas Orthopadeic Speciality 
Hospital","No. 9, Duraiswamy Nagar, IAF Road, Near Madras Christian 
College, East Tambaram, Chennai, Tamil Nadu 
600059Chennai",CHENNAI,TAMILNADU,PPN
Apollo Specialty Hospitals,"320, PADMA COMPLEX,TEYNAMPET,ANNA SALAI,CHENNAI, 
TAMILNADUNIL",CHENNAI,TAMILNADU,NON PPN
"Vasantha Subramanian Hospital India Pvt 
Ltd(Kilpauk)","815/306, Ph Road, Kilpauk,NIL",CHENNAI,TAMILNADU,PPN
"KKR ENT Hospital And Research Institute 
Pvt Ltd","274, Poonamallee High Road , Chennai Chennai",CHENNAI,TAMILNADU,PPN
Av Hospitals,"No.97 & 172 Solaiappan St,,,Old Washermanpetnil",CHENNAI,TAMILNADU,PPN
Sen Hospital,"New No. 51, Old No. 18, Bunder Garden St, Bunder Garden, 
Perambur, Chennai, Tamil Nadu 600011Perambur",CHENNAI,TAMILNADU,PPN
Rathi Med Speciality Hospital,"Q– 102, 3rd Avenue, Anna Nagar, Chennai, Tamil Nadu 
600040Chennai",CHENNAI,TAMILNADU,PPN
Vasanthram Hospital,"No-7,Old No-3,Varadappan Street, West Mambalam, 
Chennai-600033Chennai",CHENNAI,TAMILNADU,PPN
Aakash Hospital Chennai,"#210/2005, 395, TH RoadChennai",CHENNAI,TAMILNADU,PPN
Chennai National Hospital,"12, Jaffar Serang Street, 2nd Line Beach Parrys, 
ChennaiChennai",CHENNAI,TAMILNADU,NON PPN
Amma Hospital,"No. 1, Sowrashtra Nagar,,7th Street,,ChoolaimeduNIL",CHENNAI,TAMILNADU,PPN
"Amrit Hospital ( Amrit Medicare Private 
Limite )","New No. 310, Old No 362,Sowlarpet,,Mint Street",Chennai,TAMILNADU,PPN
Anand Hospital,"Anand Hospital,201, Kamaraj Salai,Manali",Chennai,TAMILNADU,PPN
Ann Hospital ( Indira Nagar ),"81-85 Annai Therasa Street,Indira Nagar 
,,ValasaravakkamNIL",CHENNAI,TAMILNADU,PPN
Apollo Children'S Hospital,"15, Shafi Mohammed Road, Thousand Lights West",CHENNAI,TAMILNADU,PPN
Apollo First Med Hospitals,"154,P.H. Road, KilpaukNIL",CHENNAI,TAMILNADU,PPN
Apollo Hospital (Aynampakkam),"No 64,Vanagaram,Ambattur Main Road,AyanambakkamNIL",CHENNAI,TAMILNADU,PPN
Apollo Hospitals (Tondiarpet),"645 & 646,,T.H. Road,Tondiarpet",Chennai,TAMILNADU,PPN
Apollo Hospitals City Centre,"134, Mint Street,,Opposite Ramar Temple,Sowcarpet",Chennai,TAMILNADU,PPN
"Apollo Speciality Hospitals Omr 
Perungudi","# 05/639,,Old Mahabalipuram Road,",CHENNAI,TAMILNADU,PPN
"Apollo Spectra Hospitals (Apollo 
Speciality Hospitals Private Ltd) (Satyade","No.41/42 53/54 Satyadev Avenue,Mrc Nagar Ra Puram,NIL",CHENNAI,TAMILNADU,PPN
Apollo Womens Hospital Credile Royal,"No-16, Mohammed Shaffi Road, Next To Apollo Children 
Hospitals, Greams Road",CHENNAI,TAMILNADU,PPN
Athipathi Hospital And Research Centre,"No. 4, 100 Ft Rood,,Tansinagar,,Velachery",Chennai,TAMILNADU,PPN
BM Orthopaedic Hospital,"3/157, M.T.H.Road,AmbatturNIL",CHENNAI,TAMILNADU,NON PPN
Be Well Hospitals T Nagar,"#5/A, Vijaya Raghava Road, T Nagarnil",CHENNAI,TAMILNADU,PPN
Be Well Speciality Hospitals,"#15, Bank Street, Kilpauknil",CHENNAI,TAMILNADU,PPN
"Bharani Hospital (The Specialities 
Healthcare)","22, Arcot Road,,Saligramam,Chennai",Chennai,TAMILNADU,PPN
Billroth Hospitals,"43, Lakshmi Talkies Road, NIL",CHENNAI,TAMILNADU,PPN
Billroth Hospitals(Chen),"#52, 2nd Main Road,,Rajaannamalaipuram,",Chennai,TAMILNADU,PPN
Bss Hospital,"# 200 R.K Mutt Road,,Mandaveli",CHENNAI,TAMILNADU,PPN
Chennai Krishna Hospital,"297, Gst Road,Near Mit Flyover,Chrompet",Chennai,TAMILNADU,PPN
"Chennai Meenakshi Multi Speciality 
Hospital Ltd.","Old No. 148, New No. 72,Luz Church Road,,Mylapore",Chennai,TAMILNADU,PPN
Chettinad Super Specilality Hospital,"# Chettinad Health City,,Rajiv Gandhi Salai,,Kelambakkam",Chennai,TAMILNADU,PPN
Sugam Hospital,"No.107a, G.S.T Road, Chromepet,No.107a, G.S.T Road, 
Chromepet,NIL",CHENNAI,TAMILNADU,PPN
"Hariharan Diabetes And Heart Care 
Hospitals","24 & 26,29th Street,NanganallurNIL",CHENNAI,TAMILNADU,PPN
Dr A Ramachandrans Diabetes Hospital,"110, Anna Salai, Opp To Itc Gr,Andchola, Guindy,",CHENNAI,TAMILNADU,PPN
Gunasekaran Hospitals,"No.1, Crescent Park Street,T.Nagar,T NagarOpp. to Hotel 
Raj Palace",CHENNAI,TAMILNADU,PPN
"Mehta Multispeciality Hospitals India Pvt. 
Ltd.","No 2,Mc Nichols Road,3rd Lane Chetpet,,ChennaiNIL",CHENNAI,TAMILNADU,PPN
Faith Multispecialty Hospital,"No33/17, Sannathi Street,,,Villivakam",Chennai,TAMILNADU,PPN
Fortis Malar Hospitals Ltd,"52, 1st Main Road,,Near Adyar Main Bridge,,Gandhi 
Nagar,Adyar",CHENNAI,TAMILNADU,PPN
G. R. Hospital,"43075,Citi Link Road,Ngo Colony Adambakkam,",Chennai,TAMILNADU,PPN
Gajanan Hospital Pvt Ltd(A.G.Hospital),"29, Kakkan Street,Tambaram West,Chennai",Chennai,TAMILNADU,PPN
Ganga Hospital (Chennai),"No,21/7b,Thandavaryan Street,(Model School 
Road),,Washermenpet",Chennai,TAMILNADU,PPN
Girishwari Hospital Pvt Ltd,"19, K.B. Dasan Road,TeyanmpetNear SIET College,",CHENNAI,TAMILNADU,PPN
Hande Hospital,"# 44, Lakshmi Talkies Road,,Shenoy Nagar,,Chennai",Chennai,TAMILNADU,PPN
Helios Hospital,"39, 7th Cross Street, Rajalakshmi Nagar,VelacheryNIL",CHENNAI,TAMILNADU,PPN
Hiba Hospital,"Old No-25 ( New No:53),Big Street Near Hindu Higher 
Secondary School,",Chennai,TAMILNADU,PPN
Hindu Mission Hospital,"103, G.S.T, Road,,Tambaram West,ChennaiNIL",CHENNAI,TAMILNADU,PPN
IK Hospital,"No.2/1911,J-Block,,15th Main Road,Annanagar,NIL",CHENNAI,TAMILNADU,PPN
Jv Hospital,"Number 31,,Railway Border Road,,KodambakkamNIL",CHENNAI,TAMILNADU,PPN
K. J. Hospital Pvt Ltd,"New 182,,Poonamallee High Road,Chennai",Chennai,TAMILNADU,PPN
Kanaga Hospital,"New No:7/131,(Old No:3/225) Kundrathur Main Road 
,,KovoorNIL",CHENNAI,TAMILNADU,PPN
Karthic Hospital (Thiruvottiyur),"# 727 To 730, T.H Road,Tsr 
Nagar,,Thiruvottiyur.,Thiruvottiyur.",Chennai,TAMILNADU,PPN
Kasturi Hospital (Chennai),"No. 119, Shannugan Road,,West Tambaran,ChennaiNIL",CHENNAI,TAMILNADU,PPN
Kauvery Hospital,"No 199/90, Mbc Towers",CHENNAI,TAMILNADU,PPN
Kumaran Hospital Pvt Ltd,"Number 214, E.V.R. Periyar Salai,P.H.Road, Kilpauk,Next To 
Sangam Theatre,,Kilpauk",CHENNAI,TAMILNADU,PPN
Lake View Hospital (Chennai),"100a,Perambur,Red Hills Road,Kalpalayam",Chennai,TAMILNADU,PPN
Laksha Hospitals,"No-15,,P.S Sivasamy Salai,,Mylapore",Chennai,TAMILNADU,PPN
Lakshmi Hospital,"47,Govindan Road,Pincode-600033,,",Chennai,TAMILNADU,PPN
Laser And Laproscopic Hospital,"New No.121,Gn Chetty Road,,Opp Digam Show Room,T 
Nagar,T Nagar",Chennai,TAMILNADU,PPN
MR Hospital,"No. 20, Govindan Street, Ayyav,Oo Colony, Aminjikarai, 
Chennai,NIL",CHENNAI,TAMILNADU,PPN
M.N. Orthopaedic Hospital,"0ld 18,Bank Street,Kilpak,",Chennai,TAMILNADU,PPN
Mahalakshmi Hospital,"No. 37, M.T.H. Road,,Near Rakki Theatre,,Ambattur,NIL",CHENNAI,TAMILNADU,NON PPN
Mohan Hospital (Chennai),"Cp- 50 , Razack Garden,Main Road, 
Arumbakkam,Arumbakkam",Chennai,TAMILNADU,PPN
Nanthini Hospital,"# 168, Chandrasekaran Avenue, It Highway ,,,Omr, 
Thoraipakkam",Chennai,TAMILNADU,PPN
Narayanaa Hospital,"# 14,Tana Street,Purasawalkam,",Chennai,TAMILNADU,PPN
Nichanis Hospital,"#10, Arthoon Road, Royapuramnil",CHENNAI,TAMILNADU,PPN
Noble Hospital,"4,Audiapa Street,Purusawalkam,Alagappa Road,Opp Lady 
MCTM School,",CHENNAI,TAMILNADU,PPN
Pallava Hospital Ltd.,"#19a First Avenue,Near Ashok Nagar,",Chennai,TAMILNADU,PPN
Parvathy Ortho Hospital Pvt Ltd,"241, G S T Road, Near M I T Gate, Chronepet,",CHENNAI,TAMILNADU,PPN
Pavithra Hospitals Pvt Ltd,"No 7,Erukkenchery,Kodungaiyur,Ethiraj Swamy SalaiNIL",CHENNAI,TAMILNADU,PPN
Ponmalligai Hospital,"# 683/5 Mahalingam Street Madipakkam,Ist Cross 
Street,Kakkanji Nagar Near Ngo Colony Adambakkam Bus 
Stop,",Chennai,TAMILNADU,PPN
Prime Indian Hospitals Pvt Ltd,"1051, Poonamallee High Road,,,Arumbakkam",Chennai,TAMILNADU,PPN
Rakshith Hospital,"153 Arcot Road,,Valasara Vakkam,NIL",CHENNAI,TAMILNADU,PPN
Right Hospitals,"#1prof.Subramaniam Street , Kilpauk,,",Chennai,TAMILNADU,PPN
Rigid Hospital Pvt Ltd,"No.47/3, New Avadi Road,,Near Panchayappa'S 
College,,Kilpauknil",CHENNAI,TAMILNADU,PPN
Rotary Central Margaret Sidney Hospital,"No 13, 7th Street,Nanganallur,NIL",CHENNAI,TAMILNADU,PPN
"Rsr'S Trinity Acute Care 
Hospital(Chennai)","33, Desikan Road,Mylapore,Mylapore",Chennai,TAMILNADU,PPN
S P Hospital,"No. I I, East Vellaear St.,,Adambakkam,Chennai",Chennai,TAMILNADU,PPN
Sai Ortho Care Hospitals P Ltd,"466,Sadulla Street Near Ttd,,",Chennai,TAMILNADU,PPN
"Sankara Kidney Hospital ( A Unit Of 
Satyanorayana Medical And Research 
Trus","No.235/236, English Electric Nagar.,Zamin Pallavaram,Off 
Radial Road,,Opp To Shell Petrol Bunk",Chennai,TAMILNADU,PPN
Sbs Hospital-Chennai,"439 5th Main Road,Natesan Nagar,Virugambakkamnear 
Annai Mahalsai Nagar Bus Stand,",Chennai,TAMILNADU,PPN
"Shanmugam Multi Speciality Hospital 
(SMS)","No. 139/71,East Madha Church Stree,Near Royapuram 
Bridge,RoyapuramNIL",CHENNAI,TAMILNADU,PPN
Shivasunder Hospital,"28, (Old. No. 9) 1st Cross Steet,Shastri Nagar,Adyar",Chennai,TAMILNADU,NON PPN
Sibi Hospital,"139. 3rd Main Road Srinivasa Nagar,Madipakkam Koot 
Road,Madipakkam,",Chennai,TAMILNADU,PPN
Sinus And Nose Hospital,"# 35 A Santhome High Road,,,Mylapore",Chennai,TAMILNADU,PPN
Sooriya Hospital,"1, Arunachalam Road,,Saligramam,Chennai",Chennai,TAMILNADU,PPN
"Soundarapandian Bone And Joint 
Hospital And Research Institute Pvt Ltd","A A 16, 3rd Main Road, Aa-16, 3rd Main Road,Annagar Anna 
Nagar,,ChennaiNIL",CHENNAI,TAMILNADU,PPN
Sri Balaji Hospital,"Old No:36, New No: 77, Bricklin 
Road,,Purasawalkam,Chennai",CHENNAI,TAMILNADU,PPN
Sri Ranga Hospital,"No. 4/30,,Devanathan Road,Mandaveli",Chennai,TAMILNADU,PPN
Srm Speciality Hospital,"#67/79 Bharathi Salai,,,Ramapuram,,",Chennai,TAMILNADU,PPN
St.Thomas Hospital,"St.Thomas Mount,,Chennai",Chennai,TAMILNADU,PPN
Sudha Hospital,"# 51/18 .Adam Sahib Street,Pumping Station 
Road,,Royapuram,",Chennai,TAMILNADU,PPN
Sugam Hospital ( Thiruvottiyur Market),"349 T H Road,Thiruvottiyur,Thiruvottiyur Market",Chennai,TAMILNADU,PPN
Vadapalani Multi Speciality Hospital,"# 360 Vadapalani Andavar Koli Street,,,No.33, Vadapalani 
Andavar Koil",Chennai,TAMILNADU,PPN
"Vasantha Subramanian Hospital India Pvt 
Ltd(Chetpet)","No - 13 , East Spurtank Road,Opposite To World 
Univwersity,Palimar HotelNIL",CHENNAI,TAMILNADU,PPN
Vasanthi Orthopaedic Hospital,"Cp- 50. Razack Garden, Main Ro,Ad, Arumbakkam, 
Chennai,NIL",CHENNAI,TAMILNADU,PPN
Be Well Hospitals(Anna Nagar),"No. 106, Jawaharlal Nehru Salai,,,Thirumangalam,Anna 
Nagar,",CHENNAI,TAMILNADU,PPN
Velachery Ks Hospital,"No.14a, 10th Cross Street,Velachary A.G.S Colony.,",Chennai,TAMILNADU,PPN
Vignesh Hospital,"35/2, Poothapedu Main Road,,Vengadeswara Nagar,,Porur,",Chennai,TAMILNADU,PPN
Vijaya Hospital,"#434, Near Vadapalani Bus Stand, Nsk Salai, Vadapalani,",CHENNAI,TAMILNADU,PPN
"Xcellent Care Super-Speciality Hospital 
(P) Ltd.","No 7/14 Th , 7th Cross Street ,,Rajalakshm, I100 Feet 
Velachery Bye Pass Road,Velachery",Chennai,TAMILNADU,PPN
BM Hospital,"36, 5th Main Road, Thillai Ganga Nagar, Nanganallur, 
Chennai, Tamil Nadu 600061Chennai",CHENNAI,TAMILNADU,PPN
GG Super Speciality Hospitals,"No-21, Dr Thiru Murthy Nagar Main Road Chennai",CHENNAI,TAMILNADU,NON PPN
Prashanth Superspeciality Hospital,"No-36 & 36-A, Velachery Main Road, Velachery",CHENNAI,TAMILNADU,PPN
