Hospital Name,Address,CITY,STATE,PPN / NON PPN
East Point Hospital (Banglore),"#113, Bidarahalli, Virgo Nagar In Between Avalahalli & 
Bidarahalli,,",Bangalore,KARNATAKA,NON PPN
Essential Hospital,"42, 7th Block, Ii Stage,,Nagarabhavi Ring Road,,Bangaluru",Bangalore,KARNATAKA,NON PPN
Fortis Hospitals Cunningham Road,"14,Cunningham Road,Bangalore",BANGALORE,KARNATAKA,PPN
Fortis Hospitals Ltd Bannerghatta,"154/9, Bannerghatta Road, Opposite IIM-B",BANGALORE,KARNATAKA,PPN
Fortis Hospitals Ltd Nagarbhavi,"23, 80ft Road, Guru Krupa Layout, Nagarbhavi 2nd Stage",BANGALORE,KARNATAKA,PPN
Gia Hospital,"1869, 13th Cross, 5th Main Road,,R.P.C. 
Layour,,Vijayanagar Ii Stage",Bangalore,KARNATAKA,NON PPN
Gleneaglas Global Hospitals,"5/5, Richmond Road,,Richmond Town,,Next to Sonata 
Software,",BANGALORE,KARNATAKA,PPN
Green City Hospital,"- # 726,17th Cross,6th Phase,.,J.P.Nagar,,Bangalore.",Bangalore,KARNATAKA,NON PPN
"Gunasheela Surgicals And Maternity 
Hospital","No.1, Dewan Madhava Rao Road, 
Basavangudi,,Basavangudi",BANGALORE,KARNATAKA,NON PPN
H. K. Hospital,"10612 & 135 Bangalore - Mysore Road,,Kengeri",Bangalore,KARNATAKA,NON PPN
Hitech Kidney Stone Hospital,"# 6/7, Cresent Road Cross, Kumarapark East,,Behind Sindhi 
High School, Near Shivananda Circle,,BangaloreNIL",BANGALORE,KARNATAKA,NON PPN
"Fortis International Hospital Ltd 
Rajajinagar","111, West of Chord Road, Opp Rajajinagar, 1st Block 
Junction",BANGALORE,KARNATAKA,PPN
J P Hospital (Nelamngala),"4516 B.H.Road,,Nelamngala",Bangalore,KARNATAKA,NON PPN
K L Hospitals Pvt Ltd,"#53, Kalkere Main Road, Kowden,,Ahgalli Extn., Opp. 
United Bank Of India, Ramamurthy Nagar,",Bangalore,KARNATAKA,NON PPN
KK Hospital,"No 9, A-1/A-2,Opp. M.E.C. School,,'A' Sector,Yelahanka New 
Town,BangaloreNIL",BANGALORE,KARNATAKA,PPN
"Kangaroo Care Maternity And Children 
Hospital","# 89, 17th Cross, Mc Layout, Vijaynagar, Sri 
Balagangadharnatha Swamiji,Metro Station,NIL",BANGALORE,KARNATAKA,PPN
Karanth Speciality Hospital,"# 72, 35th Main, 1st Cross,,100ft, Ring Road B T M Layout, 
2nd Stage,",Bangalore,KARNATAKA,NON PPN
Kethams Hospital Pvt Ltd (Bangalore),"No.51/2, Nanjappa Main Road,,Next To Vijaya 
Bank,Vidyaranyapura,",Bangalore,KARNATAKA,NON PPN
Kims Hospital And Research Centre,"K.R Road, V.V Puram,Near City Market,,",Bangalore,KARNATAKA,NON PPN
Koshys Hospital ( Bangalore),"Ragvedra Nagar, Tambuchetty Palya Road,Ramamurthy 
Nagar Extension,BangaloreNear ITi",BANGALORE,KARNATAKA,PPN
Leela Hospital And Diagnostic Center,"# 133 , 10th Cross ,,Margosa Road,Malleshwaram",Bangalore,KARNATAKA,NON PPN
Leena Multispeciality Hospital,"S. Narasimhaiah Layout, Budigere Road,,Prashanth 
Nagar,,Devanahaili TownNIL",BANGALORE,KARNATAKA,NON PPN
Maharaja Agrasen Hospital Banglore,"15th Main,17th Cross,Padmanabhangar,Bangalore",BANGALORE,KARNATAKA,NON PPN
"Maiya Multyspeciality Hospital (Bangalore 
)","34, 10th Main Road, 1st Block, Jayanagar,,",Bangalore,KARNATAKA,PPN
Mamatha Hospital,"39th Cross Jayanagar,,4th-T-Block Near 9th Block,",Bangalore,KARNATAKA,NON PPN
Manasa Hospital(Gauribidanur),"B.H Road Gowribedanur,,Chickkaballapur Dist.,",Bangalore,KARNATAKA,NON PPN
Dr Malathi Manipal Hospital,"45/1,45th Cross,9th Block,JayanagarNIL",BANGALORE,KARNATAKA,PPN
Manipal Hospital North Side,"71, 11th Main Road,Opp Malleshwaram Railway Station, 
Malleshwaram,",BANGALORE,KARNATAKA,PPN
Manipal Hospital Pvt Ltd - Whitefield,"Survey Number - 43 Kr Puram, Hobli,Epip Industrial Area, 
Hoodi Village, Whitefield",BANGALORE,KARNATAKA,PPN
Mathru Hospital,"#2094, Railway Parallel Road,Near Kengeri Flyover,Kst,",Bangalore,KARNATAKA,NON PPN
Medcare Hospital,"12,S.S. Temple Street,V.V Puram,",BANGALORE,KARNATAKA,PPN
Mediscope Hospital,"No. 11, Pillanna Garden,,3rd Stage,,BangaloreNIL",BANGALORE,KARNATAKA,PPN
Medsol Hospital,"3 P(2) 60 Ft.Road, 1st Block,,Jnanabharathi Layout,,NIL",BANGALORE,KARNATAKA,PPN
Medstar Speciality Hospital,"No.2270, Maruthi Plaza,,Koddigehalli, Main Road,,Sahakar 
NagarNIL",BANGALORE,KARNATAKA,NON PPN
Meenakshi Hospital(Ban),"No. 979, 25th Main Road,,Bsk 1st State, 50 Feet 
Road,,HanumanthnagarNIL",BANGALORE,KARNATAKA,PPN
Motherhood Hospital,"514/1-2-3, Kaikondara Village,,Opp Total Mall,SarjapurNIL",BANGALORE,KARNATAKA,PPN
"Nagappa Hadli Hospital (Mutli Speciality 
Hospital)","M.S.Palya Circle,,Next To Anasoya Chandrappa Kalyana 
Mantap,,Vidyanarayanpura Post",Bangalore,KARNATAKA,NON PPN
Nano Hospitals,"79, Dlf City (Sir M.Visveshwariah) Road, Near Arekere Sai 
Baba Temple,,Nayanappanahalli, Btm 6th Stage, 2nd 
Banglore,,Off Bannerghatta Road",BANGALORE,KARNATAKA,PPN
Narayana Multispeciality Hospital,"Opp. HSR Club, Site No.1, Sector-3, 18th Main, Basanth 
Patil Building, HSR Layout",BANGALORE,KARNATAKA,PPN
"Narayana Super Speciality Hospital 
(Banglore)","No 24, 9th Cross,,Margosa Road,,Malleshwaram",Bangalore,KARNATAKA,NON PPN
"Navachethana Hospital(A Unit Of Pan 
Asia Hospital Pvt.Ltd)","CA 17/A2, A Sector, Opp Railheel Factory,Yelohmla New 
Town, NIL",BANGALORE,KARNATAKA,PPN
Nayak Hospital,"No. 3367, 5th Cross,,Gayathrinagar,BangloreNIL",BANGALORE,KARNATAKA,PPN
"Nethradhama Hospital Pvt Ltd 
Rajajinagar","#30, 19th Main Road,,2nd Block Rajajinagar, NIL",BANGALORE,KARNATAKA,PPN
Nu Hospitals Pvt Ltd,"4/1, West Of Chord Road,,Next To Iskcon Rajaji Nagar, 
Next To Narayana Nethralaya Hospital,BangaloreNIL",BANGALORE,KARNATAKA,PPN
Omega Multispeciality Hospital,"# 1236, Ward No 4,,' B ' Secoter, 1&2 Phase., Yelahanka 
New TownNIL",BANGALORE,KARNATAKA,PPN
PD Hinduja Sindhi Hospital,"12th 'A' Cross, Sindhi Hospital Road Sampangikam Nagar 
BengalORENIL",BANGALORE,KARNATAKA,PPN
Panacea Hospital Nagarbhavi,"#611, 612 Nagarbhavi Main Road,,2nd Stage, Vinayaka 
Layout,,Near Nagarbhavi Circle",BANGALORE,KARNATAKA,PPN
People Tree Hospitals,"#2, Tumkur Road, Opp Taj Vivanta Hotel, Goreguntepalya",BANGALORE,KARNATAKA,PPN
Sree Saiprasad Multispeciality Hospital,"No.2069/2074, 16 The B Cross,Near Mother Dairy 
Circle,,Yelahanka New TownNIL",BANGALORE,KARNATAKA,NON PPN
Prasad Hospital (Bangalore),"No; 1494 B.H.Road Nelamangala,Bangalore,",Bangalore,KARNATAKA,NON PPN
Pristine Hospital(Bangalore),"#877, Modi Hospital Road,,West Of Chord Road, 2nd Stage 
Extention,,BangaloreNIL",BANGALORE,KARNATAKA,PPN
Pro Care Hospital,"914, 5th A Cross Road,Hrbr Layout 1st Block, Hrbr 
Layout,Kalyan NagarNIL",BANGALORE,KARNATAKA,PPN
Prolife Multispeciality Hospital,"# 248/249/289/101, International Airport Road, Opp 
Kodandarama Swamy Temple,Byatarayanapura, 
Bengaluru,NIL",BANGALORE,KARNATAKA,PPN
Punya Hospital,"2226, I I Cross,,Kuvempunagar,ChannapatnaNIL",BANGALORE,KARNATAKA,NON PPN
Punya Hospital India Pvt Ltd,"#52-53/10, 80 Feet Road,,Mig Khb 
Colony,,BasaveshwarnagarNIL",BANGALORE,KARNATAKA,PPN
"Rajarajeswari Medical College And 
Hospital(Bfangalore)","#202, Kambipura,,,Mysore Road,",Bangalore,KARNATAKA,NON PPN
Rajashri Grandhim Speciality Hospital,"No 349, 5th Main, 11th Cross,Bilekahalli, Ayyappa Temple 
Road,Vijaya Bank Colony Bannerghatta Road, nil",BANGALORE,KARNATAKA,PPN
Rajnandini Hospital,"No.3,,6th Cross,Old Bank Colony,Konankunte",Bangalore,KARNATAKA,NON PPN
"Raksha Multispeciality 
Hospital(Bangalore)","141/142,I Main Krishnananda Nagar,,Khr Colony,Police 
Quatres,Near Bus Stop, Nandini Layout,",BANGALORE,KARNATAKA,PPN
Rangadore Memorial Hospital,"# 408 , 1st Cross,,Shankarapuram,Basavanagudi,NIL",BANGALORE,KARNATAKA,PPN
Regal Hospital,"No-30, Cmr Complex,,Negoe Nagar, Main Road,,Chokkana 
Halli",Bangalore,KARNATAKA,NON PPN
Republic Hospital,"# 5, Langford Gardens,,Bangalore",Bangalore,KARNATAKA,NON PPN
S. K. Hospital,"No. 3, 1st Cross, Jnanabharati Road,,Nagarabhavi 
Circle,,Mrs. Jayashree Prasad",Bangalore,KARNATAKA,NON PPN
S.G. Hospital,"No. 30 Anjaneya Nagar,,Bsk 3rd Stage,,Ittmadugu Main 
Road,",Bangalore,KARNATAKA,NON PPN
Sagar Chandramma Hospital,"No 1, Vanivilas Road,,Visveswarapuram,,BangaloreNIL",BANGALORE,KARNATAKA,PPN
Sagar Hospital ( Banagalore ),"Shavige Malleshwara Hills,,Kumaraswamy 
Layout,Banashankari,NIL",BANGALORE,KARNATAKA,PPN
Sahana Hospital,"#143, 2nd Main , 7th Cross,,Kengeri Satellite 
Town,Bangalore",Bangalore,KARNATAKA,NON PPN
Sanjeevini Hospital(Bangalore),"# 435, 760, 7th Main,,Last Bus Stop,,Mahalakshmi 
LayoutNIL",BANGALORE,KARNATAKA,PPN
Sarojini Hospital,"39/2, Yash Avenue,,,8th Mile Circle, Tumkur Main Road, T. 
Dasarahalli,",BANGALORE,KARNATAKA,PPN
"Sathya Sai Orthopaedic And 
Multispeciality Hospital","20/2,Battarahalli,,Old Madras Road,,Old Rto Office CrossNIL",BANGALORE,KARNATAKA,PPN
Sevakshetra Hospital,"27th Cross Banashankari Ii Stage Bangalore,,",Bangalore,KARNATAKA,NON PPN
Seventh-Day Adventist Hospital,"8, Spencer Road,,Fraser Town,,Bangalore",Bangalore,KARNATAKA,NON PPN
Shanthi Hospital And Research Centre,"#307, MC Modi Road,40th Cross,8th Block,,Banashankari 
Bus Stand, Opp. Belagodu Kalyana, Jayanagar",BANGALORE,KARNATAKA,PPN
Shekhar Hospital,"81, Bulltemple Road, Near Ramakrishna Ashram, 
Basavanagudi",BANGALORE,KARNATAKA,PPN
Shirdi Sai Hospital Pvt Ltd,"No. 519, 2nd Main Nathravathi Street, Devasandra, NIL",BANGALORE,KARNATAKA,PPN
Shiva Shakti Multispeciality Hospital,"12/02/B, Kenchanapura Cross,,Nagadevana Halli,,Kengeri, 
Hobli,NIL",BANGALORE,KARNATAKA,PPN
Shreya Hospital(Bang),"# 73, 3rd Main, 6th Cross, (Park Road),Behind I C I C I A T 
M, Kengari Satellite Town,,BangaloreNIL",BANGALORE,KARNATAKA,PPN
Shushrusha Hospital,"B.B Road,,Near Old Town Bus Stand,,YelahankaNIL",BANGALORE,KARNATAKA,PPN
Sita Bhateja Speciality Hospital,"No 8 & 9,,O Shaughnessy Road,Langford Gardens,Langford 
Gardens",Bangalore,KARNATAKA,NON PPN
South City Hospital,"53/1(45),""Shalini"",Sushela Road,,Lalbagh Upparahalli,Near 
Lalbagh West Gate,",BANGALORE,KARNATAKA,PPN
Sparsh Hospital (Bangalore),"29/P2, The Health City,,Hosur Road,,BommasandraNIL",BANGALORE,KARNATAKA,PPN
Sparsh Hospital For Advanced Surgeries,"# 146, Infantry Road,,Opp To Police Commissioners 
Office,Near Raj Bhavan",BANGALORE,KARNATAKA,PPN
"Sparsh Super Speciality Hospital 
Yeshwanthpur","No:4/1, Tumkur Road,,Yeshwanthpur",BANGALORE,KARNATAKA,PPN
Sri Lakshmi Hospital,"No.5,6,7, Nagappa Reddy Layout, Kaggadasapura main 
road, CV Raman Nagar Postnil",BANGALORE,KARNATAKA,PPN
Sree Venkateshwara Speciality Hospital,"No. 1, 1st Class,,1st Mail, Gupta Layout,,Lakkasandra",Bangalore,KARNATAKA,NON PPN
"Sree Vijayalakshmi Hospital And Trauma 
Care Centre","3/666, Hennur Bande,,Hennur Main Road,,Kalyan Nagar 
Post,",Bangalore,KARNATAKA,NON PPN
Sreenivasa Hospital,"#12, Park Road,,,Balepet,",Bangalore,KARNATAKA,NON PPN
Sri Maruthi Hospital,"# 50, Kondappa Garden Kogilu Road,,Maruthi Nagar, 
Yelahanka,NIL",BANGALORE,KARNATAKA,PPN
Sri Raghavendra Hospital,"13 /4 T Dasarahalli Tumkur Road,,",Bangalore,KARNATAKA,PPN
Sri Sai Krupa Hospital,"O.19/A, Opp Lic & Behind Ms Ramaiah Hospital,,Mathikere 
Main Road,,Mathiker",Bangalore,KARNATAKA,NON PPN
Sri Sai Ram Hospital,"No.6, J.C Industrial Area, Near Metro,,Near Cash & Carry 
Metro & Hdfc Bank,,Kanakapura Main RoadNIL",BANGALORE,KARNATAKA,PPN
"Sri Shankara Cancer Hospital And 
Research Centre","1st Cross, Shankara Matt Premises, Shankarapuram, 
Basavanagudi, Bengaluru, Karnataka 560004NIL",BANGALORE,KARNATAKA,PPN
Sri Srinivasa Hospital (Anekal),"Ram Temple Street,Gandhi Square, By Bus Private 
Vehicles,,Anekal",Bangalore,KARNATAKA,NON PPN
Sri Venkateshwara Hospital (Bangalore),"86,Hosur Main Road,Madiwala,Hosur",Bangalore,KARNATAKA,NON PPN
Srinivasa Hospital (Hoskote Twon),"T.G. Extension 3rd Cross,Bangalore Rural District,Hoskote 
Twon",Bangalore,KARNATAKA,NON PPN
St. Philomena'S Hospital,"# 1, Mother Theresa Road, (4, Campbell Road,),,Viveknagar 
Post,",Bangalore,KARNATAKA,NON PPN
Suguna Hospital,"1A/87, Dr Rajkumar Road 4th Block, Rajajinagar",BANGALORE,KARNATAKA,PPN
Sun Orthopaedic Hospital,"No. 24, Brindavan Nagar, 80ft Main Road,, Matihkere,",BANGALORE,KARNATAKA,PPN
"Svastha Hospital ( A Unit Of Jmp Health 
Care Llp)","Site No-3, Narayanappa Garden Main Road, Whitefield,",BANGALORE,KARNATAKA,PPN
T.R.Hospital,"# 1 To 7,,Kothnur Dinne Main Road,J.P.Nagar 8th Phase",Bangalore,KARNATAKA,PPN
The Life Plus Hospital,"#266/C,80 Feet Road Indiranagar,,Sir C. V. Raman Hospital 
Road,,Near C.M.H. Hospital,NIL",BANGALORE,KARNATAKA,PPN
Trinity Hospital And Heart Foudation,"No-27, Sriram Mandir Road, Rv,Teachers College 
Circle,BasavanagudiBangalore",BANGALORE,KARNATAKA,PPN
Udhbhava Hospital,"114,100, Feet Ring Road,Banashankari 3rd Stage,Bangalore",Bangalore,KARNATAKA,PPN
V Care Hospital,"# 29 , 1 St Main Road, 1st A Block Deve Gowda 
Road,Behind G. V. Tower,R.T. Nagar",Bangalore,KARNATAKA,PPN
V P Magnus Hospital-Bangalore,"#36 Vinayakanagar Layout , Binnamangala 
Village,,Nelamangala Tq,,Nelamangala",Bangalore,KARNATAKA,NON PPN
Vagus Superspeciality Hospital,"18th Cross 4th Main,,,Malleswaram,NIL",BANGALORE,KARNATAKA,PPN
Varalakshmi Hospital,"#38/2 2nd Main Road,,Madiwala New Extension,,",Bangalore,KARNATAKA,NON PPN
Vasavi Hospital,"15, 70th, Cross, 14th Main,1st Stage,Opp 15e Bus Stand",BANGALORE,KARNATAKA,PPN
Vijayanagar Hospital,"46, 17th Cross, Near Main Bus Stand, MC Layout, 
VijayanagarNIL",BANGALORE,KARNATAKA,PPN
Vijayashree Hospitals (Jigani),"# 187/2 Vinayaka Circle Anekal Taluk Jigani Link 
Road,,Jigani",Bangalore,KARNATAKA,NON PPN
Vikram Hospital Bengaluru Pvt Ltd,"71/1, Millers Road,Embassy Centre,Crescent 
Centre,MilierBangalore",BANGALORE,KARNATAKA,PPN
Vinayaka Hospital (Bangalore),"110,I St Main,Sbm Colony,,Banashankari I St 
Stage,,Hanuman NagarNIL",BANGALORE,KARNATAKA,PPN
Vivekananda Hospital(Bannerghatta),"#153, 2nd Cross Bilekahally,,,Bannerghatta Main Road,",Bangalore,KARNATAKA,NON PPN
Yashomati Hospitals Pvt Ltd,"2371/3 Hal Airport, Varthur Main Road, Munne 
KolalaMarathahalli",BANGALORE,KARNATAKA,PPN
"Zion Hospitals And Research Centre Pvt 
Ltd","1, I Cross, Ramamurthy Road,,Behind Doctor'S Diaf 
Centre,,Kammanahalli Main Road,",Bangalore,KARNATAKA,NON PPN
"Apollo Specialty Hospital(Apollo Hospitals 
Enterprises Ltd) Jayanagar","2, 14th Cross, 3rd Block, JayanagarJayanagar",BANGALORE,KARNATAKA,PPN
"Apollo Hospital (A Unit Of Apollo Hospital 
Enterprises Ltd.)","1 Old No 28 Platform Road Sheshadripuram 
BangaloreBangalore",BANGALORE,KARNATAKA,PPN
Sri Ram Hospital,"162, 4th Main 1cross Viveknagar BangaloreBangalore",BANGALORE,KARNATAKA,NON PPN
Gangothri Hospital,"27, BTM Layout Opp to Central Bank",BANGALORE,KARNATAKA,PPN
Marvel Multispecialty Hospital,"No-153, 1st Cross Near Jakkasandra Bus Stop Beside 
Bhandhan Bank Koramangala BangaloreBangalore",BANGALORE,KARNATAKA,NON PPN
Sreenagar Hospital,"No-855/856, Ramanjaneya Main Road Srinagar 
BangaloreBangalore",BANGALORE,KARNATAKA,PPN
HK Hospital,"106/2, Mysore Road, Near Rainbow Bridge, Kengeri, 
Bengaluru, Karnataka 560060Kengeri",BANGALORE,KARNATAKA,PPN
Manjunath Hospital,"87/2, 8th Cross Road, Wilson Garden, Bengaluru, Karnataka 
560027Bangalore",BANGALORE,KARNATAKA,NON PPN
Manjushree Hospital,"No-91, Kavalbyrasandra Dr AMC Road RT Nagar Post, 
BangaloreBangalore",BANGALORE,KARNATAKA,NON PPN
Radhakrishna Multispeciality Hospital,"No-3/4, Sunrise towers JP Road Girinagar, 
BangaloreBangalore",BANGALORE,KARNATAKA,NON PPN
Life Care Hospital,23/24 Om Complex Gangotri Circle BTM 2 StageBangalore,BANGALORE,KARNATAKA,NON PPN
Vijayshree Hospital,"3, Gittigere Bannerghatta Main Road BangaloreBangalore",BANGALORE,KARNATAKA,PPN
Vimalalaya Hospital,Huskur Gate Electronic City Post BangaloreBangalore,BANGALORE,KARNATAKA,NON PPN
Ayurvaid Hospitals,"No-25/1-4, 1st Floor 9th Cross 19th Cross A main JP Nagar 
2nd Phase Near Tirumala Devasthanam Temple 
Marenallipalya BangaloreBangalore",BANGALORE,KARNATAKA,NON PPN
Sri Lakshmi Multispecialty Hospital,"127/1 Srigandakaval Sunkadalle Vishwaneed Post, Magadi 
Main Road BangaloreBangalore",BANGALORE,KARNATAKA,NON PPN
Mamatha Hospital,"12 Rajgopal Road Sanjay Nagar, BangaloreBangalore",BANGALORE,KARNATAKA,NON PPN
Blossom Multispecialty Hospital,98 Old RTO Office Naganathpura BangaloreBangalore,BANGALORE,KARNATAKA,NON PPN
Rajshekar Hospital,"No. 21, 9th Cross Road, Phase 1, Sarakki Layout, JP Nagar, 
Bengaluru, Karnataka 560078Bangalore",BANGALORE,KARNATAKA,NON PPN
People Tree Hospitals (Raghavendra),"13/4, T. Dasarahalli, Tumkur Road, Near Dasarahalli Metro 
StopBangalore",BANGALORE,KARNATAKA,PPN
Specialist Hospital,"216, 7th Main, 80 Feet Road, 1st Block, HRBR Layout, 
Kalyan Nagar",BANGALORE,KARNATAKA,PPN
Krishna Hospital,"61, 2nd Cross Ayyappa Temple Road Near Jalahalli Cross 
Dasarahalli BangaloreBangalore",BANGALORE,KARNATAKA,NON PPN
Neighbourhood Hospital Pvt Ltd,"#9, Wilson Garden House Building co op.Limited, Kothnur 
Main Road, Opp to Vijaya Bank, JP Nagar 7th Phase",BANGALORE,KARNATAKA,NON PPN
Ramaiah Leena Hospital,"S Narasimaiah Layout Builder Road Devanahalli, Opp Dena 
BankBangalore",BANGALORE,KARNATAKA,NON PPN
SSNMC Super Specialty Hospital,"No-8, Ideal Homes HBCS layout, Raja Rajeshwa Nagar",BANGALORE,KARNATAKA,PPN
Tathagat Heart Care Centre And Hospital,"31, Mallige Premises, 'A'-Block, 1St Floor, Crescent Road, 
Gandhi Nagar,",BANGALORE,KARNATAKA,PPN
Shettys Hospital,"Plot No. 11 & 12, 12th F Main Road, Kaveri Nagar, 
Bommanahalli, Bengaluru, Karnataka 560068Bangalore",BANGALORE,KARNATAKA,NON PPN
Family Hospital,"No 423/2, 60 Ft Road, Ist Main, 1st Stage, Behind SBI Bank, 
Gokula, Mathikere",BANGALORE,KARNATAKA,NON PPN
Astra Super Speciality Hospital,"""21/7 Konanakunte Cross, Vasanthapura Main Road, 3rd 
Phase,",BANGALORE,KARNATAKA,PPN
NDR Hospital,"No 4, B Sector, Opp Yelahanka New Town Bus Stop, 
Yelahanka New Town,",BANGALORE,KARNATAKA,PPN
Shreya Hospital,"2nd Main Road, Shanaishwara Swamy Temple opp Road, 
Behind Tirumala Dairy, Fort Area, Kolar, Karnataka 
563101Kolar",BANGALORE,KARNATAKA,NON PPN
Bhagwan Mahaveer Jain Hospital,"No-1 & 2, 6th Cross, 3rd Main, Avalahalli Extension, BSK 3rd 
Stage, Girinagar",BANGALORE,KARNATAKA,PPN
Rajmahal Vilas Hospital,"138, Aecs Layout, Near-Reliance Fresh, Sanjay Nagar,",BANGALORE,KARNATAKA,NON PPN
Divakars Speciality Hospital,"220, 9th Cross, 2ND PHASE, JP NAGAR, 
BANGALOREBangalore",BANGALORE,KARNATAKA,NON PPN
AV Multispeciality Hospital,"781-782, 7th block, 100 feet. Opp. Gupta College, 
Hosakerehalli Main Rd, 6th Block, Banashankari 3rd Stage, 
Banashankari, Bengaluru, Karnataka 560085Bangalore",BANGALORE,KARNATAKA,NON PPN
R K Hospital,"basaveshwara Complex, Kakolu Road, Rajanukunte -560064",BANGALORE,KARNATAKA,NON PPN
Hamilton Bailey Hospital,"No.12,13,14,24th Main RoadNear power station,Hse layout 
2nd sec",BANGALORE,KARNATAKA,NON PPN
Abhayahasta Multispeciality Hospital,"347/247,2nd Cross, Kaggadasapura Main Road, C.V. Raman 
Nagar,nil",BANGALORE,KARNATAKA,PPN
"Bangalore Surgical And Orthopaedic 
Hospital","NO:426, 4TH CROSS, 2ND BLOCK, HRBR LAYOUT, KALYAN 
NAGAR NEXT TO A2B,Kalyananagar,",BANGALORE,KARNATAKA,PPN
Comfort Multispeciality Hospital,"Srr Arcade, 23 & 24 Cross, Kaggadasapura Main Road, C V 
Raman Nagar,nil",BANGALORE,KARNATAKA,PPN
Janapriya Hospital,"2, 5Th A Cross, Subbaiahnapalya, Banaswadi Main Road,nil",BANGALORE,KARNATAKA,PPN
"Kanva Multispeciality Hospital (Kanva Sri 
Sai Hospital)","227, Rajivgandhi Nagar, Nandini Layout,nil",BANGALORE,KARNATAKA,PPN
Motherhood Hospital,"17/12-4/19, 30th Main Road Banagirinagara Banashankari, 
3rd Stagenil",BANGALORE,KARNATAKA,PPN
Best Hospital,"413, NAVIN SURABHI, Beside K M S Kalyana mantapa,Hosur 
main road, Chandapura,nil",BANGALORE,KARNATAKA,PPN
Aster RV Hospital,"CA-37, 24th Main Road, ITI layout, 1st Phase, JP 
Nagar,Near RV Dental College",BANGALORE,KARNATAKA,NON PPN
Aaxis Hospital,"Belathur Village, Bidarhalli Hobili,Whitefield Main Road,",BANGALORE,KARNATAKA,PPN
Pavan Hospital,"110 JJ TOWERS 3 RD MAIN GANDHI NAGAR YELAHANKA 
OLD TOWN,Yelahanka",BANGALORE,KARNATAKA,PPN
Motherhood Hospital,"No.5AC 914, 1st Block, Kalyannagar, HRBR layout, Outer 
Ring Road (Service Road) Banaswadi,nil",BANGALORE,KARNATAKA,PPN
HBS Hospital,"# 58, COCKBURN ROAD SHIVAJINAGAR,nil",BANGALORE,KARNATAKA,PPN
Athreya Hospital,"6/2B, Opposite Suryanagara, Phase-I, Anekal Main Road, 
Teachers Colony, Chandapura, Bommasandra,nil",BANGALORE,KARNATAKA,PPN
Pinnacle Hospital,"No 282/3 ,Opposite Canara Bank ,Mysore Road 
Byatarayanpuranil",BANGALORE,KARNATAKA,PPN
Prakriya Hospital,"8TH MILE, TUMKUR ROAD ,NAGASANDRA 
POST,Nagasandra,",BANGALORE,KARNATAKA,PPN
Chiraayu Hospital,"NO 1 PEMMEGOWDA ROAD, MUNIREDDY PALYA , J C 
NAGAR,Yelahanka,",BANGALORE,KARNATAKA,PPN
Atreum Hospital,"916 D , 80 feet road, Ideal homes town ship Rajarajeshwari 
nagar,Kenchanahalli,",BANGALORE,KARNATAKA,PPN
Leelavatti Multispeciality Hospital,"7, 2nd Main Road, Chamarajpet,nil",BANGALORE,KARNATAKA,PPN
Mtb Orthopaedic And Trauma Hospital,"456, OPP. PHOENIX MARKET CITY MALL, WHITE FIELD 
ROAD, MAHADEVAPURA,nil",BANGALORE,KARNATAKA,PPN
Digvijaya Hospital,"No 124, 7th Block Jayanagar ,Kanakapura Main Road,",BANGALORE,KARNATAKA,PPN
Somayaji Hospital,"P.O. Jodu Marga, P.O.Jodumarga, B.C.Road,,Bantwal Tq 
Bantwal Tg.,P.O. Jodu Marga,B.C. RoadNIL",BANTWAL,KARNATAKA,NON PPN
Arogya Chidren'S Hospital,"Opp Sub Jail,Near Gokul Hotel, Court Raod,Gokak",Belgaum,KARNATAKA,NON PPN
Arogya Women'S Hospital,"Sangameshwarcomplex,Opp Court Circle,Gokak",Belgaum,KARNATAKA,NON PPN
"Kles Dr.Prabhakar Kore Hospital And 
Medical Research Centre.","Nehru Nagar,,Belgaum",Belgaum,KARNATAKA,NON PPN
Vijaya Hospital(Belgum),"Behind B.D Jatti College, Civil Hospital Road,,Ayodhyanagar, 
Belgaum,",Belgaum,KARNATAKA,NON PPN
Dakshata Hospital,"12, CTS 2608, Khanapur Road, Near 3rd Rly Gate,",BELGUAM,KARNATAKA,NON PPN
Yash Hospital Critical Care Centre,"4924/3,,Mahadwar Road, BelagaviNIL",BELGUAM,KARNATAKA,NON PPN
"BHS Lakeview Heart & Super Speciality 
Hospital","cts no 5653/17-20 manatma phure road shastri 
nagarBelgaum Shahapur, Belagavi",BELGUAM,KARNATAKA,NON PPN
Venugram Hospital,"SBI Colony,, CTS: 785, 2nd Cross, Hindu Nagar 
(R.C.Nagar),, Near 3rd Railway Gate,, Belgaum, Karnataka 
590006Belgaum",BELGUAM,KARNATAKA,NON PPN
"Belgaum College Road Multispeciality 
Hospital","Cts No. 3375, College Road,Opp Lingraj College,",BELGUAM,KARNATAKA,NON PPN
Jindal Sanjeevani Hospital,"Vijay Vittal Nagar, Torangallu Sandur (Post), NIL",BELLARY,KARNATAKA,NON PPN
Sree Thirumala Hospital,"Sontha Linganna Colony,,Gandhinagar, Bellary,",Bellary,KARNATAKA,NON PPN
SR Multispeciality Hospital Subba Rao,"NH 67, Hospet Road, Cantonment,Beside Pola Paradise 
Hotel,",BELLARY,KARNATAKA,NON PPN
Prayavi Hospital,"Udgir Road,Opp. Heera Pannalal High School,Bidar",Bidar,KARNATAKA,NON PPN
Sai Preet Bhalke Vydehi Hospital,"8-10-347/1/2, Near Central Bus stand, Devi 
Colony,Bidar,Opp. Bus Depot-No.2",BIDAR,KARNATAKA,NON PPN
"Shree Hospital Trauma Neuro And 
Critical Care","Behind Akkamahadevi College,Near Megure eye care 
Hospital,",BIDAR,KARNATAKA,NON PPN
R.K.Choudhary Hospital,"Shikharkhana Road,,Bijapur,Karnataka",Bijapur,KARNATAKA,NON PPN
"Shri Ganpatlal Agarwal Memorial Ayush 
Multispeciality Hospital And Research","K K Colony, Vivek Nagar,B. Bagewadi Road,Vijaypur",Bijapur,KARNATAKA,NON PPN
"Yashodhara Super Specialty Hospital Pvt 
Ltd","107/2B, Solapur Bypass Junction Vijayapur BijapurBujapur",BIJAPUR,KARNATAKA,NON PPN
Akki Hospital,"Bhairav Nagar Near, Swatantra Yodhar Colony, 
VijayapurVijayapur",BIJAPUR,KARNATAKA,NON PPN
Srushti Hospital,"30, kodichikkanahalli Main Road Near Bwssb Water 
TankBangalore",BINAGA,KARNATAKA,NON PPN
JSS Hospital,BR Road ChamarajanagarChamarajanagar,CHAMRAJNAGAR,KARNATAKA,NON PPN
Annapurna Hospital,"K. M. Road,,P. B. No. 184,Opp. Horticulture 
Department,,ChikmagalurChikmagalur",CHICKMANGALORE,KARNATAKA,NON PPN
Jeevan Hospital,"BB Road, Sbidiaghatta Circle, nil",CHICKMANGALORE,KARNATAKA,NON PPN
Holy Cross Hospital,"Jyothi Nagar, KM Road, Chikkamagaluru,Housing Board",CHIKMAGALAUR,KARNATAKA,NON PPN
KRS Multispeciality Hospital Pvt Ltd,"Basavanahalli Main Road,nil",CHIKMAGALAUR,KARNATAKA,NON PPN
Ashraya Hospital (Naidu Street),"P B No. 77 Naidu Street,,Naidu Street",Chikmaglur,KARNATAKA,NON PPN
P. V. S. Hospital,"J C R Extention,,6th Cross,,Chitradurga",Chitradurga,KARNATAKA,NON PPN
Patanjali Hospital.,"Hosur Cross Dharmashala Road,,Hosur Cross,Chitradurga ,",Chitradurga,KARNATAKA,NON PPN
Deccan Hospital,"OPP. KSRTC DEPOT, ASHWINI EXTENSION, CHINTAMANI, 
CHIKKABALLAPURChintamani",CHITRADURGA,KARNATAKA,NON PPN
City Central Hospital Pvt Ltd,"#17, Akkamahadevi Road,P.J.Ext.,A.V.K. College 
Road,Devangere",Davangere,KARNATAKA,NON PPN
Soukhyada Hospital,"1 Main Road Near Lakshmi Flou Mill,,Nijaligappa Layot,,NIL",DAVANGERE,KARNATAKA,NON PPN
Srushti Speciality Hospital,"605/A, Taralabalu Badwane 2nd Stage Hadadi Road , 
DawangereDawangere",DAVANGERE,KARNATAKA,NON PPN
Sanjeevini Hospital,"SIC & SID, S. Nijalingappa Layout, Near Ring Road,",DAVANGERE,KARNATAKA,NON PPN
Shreeya Hospital (Dharwad),"Irkal Hospital Complex,,Near Jubilee Circle, Opp 
Kalabhavan,P.B. Road,",Dharwad,KARNATAKA,NON PPN
Shri Krishna Children Hospital,"Opp. Saptapur Bhai Dharwar,,Dharwad City",Dharwad,KARNATAKA,NON PPN
"Sri Dharmasthala Manjunatheshwara 
College Of Medical Sciences And Hospital","Manjushree Nagar,,Sattur",Dharwad,KARNATAKA,NON PPN
Spandana Hospital,"41/2, U B Hill Road, U B Hill Road, Dharwad, Karnataka 
580008Dharwad",DHARWAD,KARNATAKA,NON PPN
Sukh Shanti Super Speciality Hospital S4,"Shivaji Circle, Taragathi Road,Dist. Belagavi,",GOKAK,KARNATAKA,NON PPN
Sri Sai Krupa Hospital(Gulbarga),"Near Jajee Kalyan Mantap, Public Garden Road,,Behind N E 
K R T C, Central Office,,Gulbarga",Gulbarga,KARNATAKA,NON PPN
Vaatsalya Life Hospital,"R.T.O. Circle,,,Sedam Road,NIL",GULBARGA,KARNATAKA,NON PPN
Medicare Multispeciality Hospital,"santraswadi, Darga road,Kalaburgi-585101kalaburgi",GULBARGA,KARNATAKA,NON PPN
Patil Hospital,"3-993/2, Behind Big Bazar, Gazipur,",GULBARGA,KARNATAKA,NON PPN
Hemavathi Hospital,"Hemavathi Hospital Road,Northern Extension,,Near Sahyadri 
Theatre,,Northern Extn.",Hassan,KARNATAKA,NON PPN
Janapriya Hospital And Research Centre,"Shankarmutt Road, 2nd Cross,,Opp. Ayyappa Swamy 
Temple, K T Puram,HassanNIL",HASSAN,KARNATAKA,NON PPN
Mangala Hospital,"Sampige Road, KR Puram,",HASSAN,KARNATAKA,NON PPN
"Mani Speciality Hospital And Research 
Institute","252, Shiva Sheel Multiplex,Sampige Road,K.R.Puram,",Hassan,KARNATAKA,NON PPN
Nagesh Hospital,"Mysore Road,Channarayapatna,Channarayapatna",Hassan,KARNATAKA,NON PPN
Sparsh Hospital,"Banglore Manglore Road,Near Bhana Theatre,nil",HASSAN,KARNATAKA,NON PPN
Manjunatha Hospital,"Shankarmutt Road,K.R.Puram, Opp. SRS School",HASSAN,KARNATAKA,NON PPN
Sanjeevini Cooperative Hospital,"5th Cross,Shankar Mutt Road,KR Puram,nil",HASSAN,KARNATAKA,NON PPN
Dipali Hospital,"1st Main, 8th Cross,,Basaweshwar,,Badavane,",Hospet,KARNATAKA,NON PPN
Citi Hospital,"52/A, Near LIC Office Dam Road HospetHosapet",HOSPET,KARNATAKA,NON PPN
Hebsur Hospital,"Multi Speciality Centre,Narayan Deshpande Nagar,Hubli",Hubli,KARNATAKA,NON PPN
Jaypriya Hospital,"2, Ashok Nagar, near sawai Gandharva hall, Bailappanavar 
Nagar",HUBLI,KARNATAKA,NON PPN
"Kalghatgi Hospital A Unit Of 
Banashankari Hospitals Pvt Ltd","Near Central Telegraph Office, Pinto Road,,Chitguppi Park,",HUBLI,KARNATAKA,NON PPN
Lifeline 24X7 Hi-Tech Icu And Hospital,"Shiv Sheel Multiplex,,Opp.New Bus Stand, Dist. 
Dharwad,,Gokul Road",HUBLI,KARNATAKA,NON PPN
"Shakuntala Memorial Hospital And 
Reserach Centre","Golden Town,Vikas Nagar- Unakal Road- 50 Yards Right Of 
Police Circle, Near Dr. M.N.Jos,Hosur",Hubli,KARNATAKA,NON PPN
"Sushruta M. Sp. Hospital & Research 
Centre","Opp. Vidhyanagar Police Station,P.B.Road, Vidhyanagar",HUBLI,KARNATAKA,NON PPN
Ashok Hospital,Behind Amrutan Theatre MTS Vidyanagar HubliHubli,HUBLI,KARNATAKA,NON PPN
Dr Hiregoudar Multispeciality Hospital,"116, Kotilinga Nagar, Rajendra Nagar, Hubballi, Karnataka 
580030Hubli",HUBLI,KARNATAKA,NON PPN
Hubli Superspecialty Hospital,"Hubli CTS No-35, 22B/27, Kalyan Nagar Behind Hotel Hans 
Vidhyanagar HubliHubli",HUBLI,KARNATAKA,NON PPN
Shivakrupa Hospital & ICU Hubli,"Lamington Rd, New Hubli, Hubballi, Karnataka 580020Hubli",HUBLI,KARNATAKA,NON PPN
Tatwadarsha Hospital,"Gokul Rd, Shreya Nagar, Industrial Estate, nil",HUBLI,KARNATAKA,NON PPN
Manvi Multispeciality Hospital,"New Cotton Market Road, Deshpane Nagar, Hubballi, 
Karnataka 580029hubli",HUBLI,KARNATAKA,NON PPN
Sanjeevini Speciality Hospital,"Shirur Park, Vidyanagar,Dist. Dharwad,Near Corporation 
Bank,",HUBLI,KARNATAKA,NON PPN
Ashoka Hospital,"Behind Amruth Theater,Vidyanagar,KIMS Back Side",HUBLI,KARNATAKA,NON PPN
Chirayu Hospital,"No-1020- Court Road, Opp Gescom Office, Kalaburagi, 
Karnataka 585102Kalaburgi",KARWAR,KARNATAKA,NON PPN
Dr Nukapur Hospital,"Sharda Theater Road,,Near K.S.R.T.C Bus Stand,Kolar",Kolar,KARNATAKA,NON PPN
Rathna Hospital,"No. 3957/ 3736, Nr. Court, Malur,Karanji Extension,Malur",Kolar,KARNATAKA,NON PPN
St Mary'S Hospital,"Gudnahali Roda,,Malur,",Kolar,KARNATAKA,NON PPN
Lakshmi Hospital Kolar,"No 463/464,Opp Ganesha Temple,Doom Light Circle",KOLAR,KARNATAKA,NON PPN
Gsr Multispeciality Hospital,"Gavimath Road,,Koppal,,",Koppal,KARNATAKA,NON PPN
Sri Manjunatha Hospital,"430/V,Main Road,Near Old Bus 
Stand,Kundapura,UdupiMasthikatte",KUNDAPUR,KARNATAKA,NON PPN
Vivus Hospital Pvt Ltd,"Daswal Road,Kodayu District,Madikeri",Madikeri,KARNATAKA,NON PPN
Pragathi Hospital,"G.H. Road, Ashok Nagar,Mandya,NIL",MANDYA,KARNATAKA,NON PPN
S.D. Jayaram Hospital,"Ashok Nagar,,,3rd Cross",Mandya,KARNATAKA,NON PPN
Sanjo Hospital (Mandya),"Srinivasapura,,Mandya",Mandya,KARNATAKA,NON PPN
Vikram Hospital(Mandya),"#D5/271/1219/B & D5/272/1220,3rd Cross,Askhoka Nagar,",Mandya,KARNATAKA,NON PPN
G Madegowda Superspeciality Hospital,"1889, Bharathi Edu. Trust Complex,Bharathinagara,Maddur-
Malavalli main Road,",MANDYA,KARNATAKA,NON PPN
Aj Hospital And Research Centre,"Kuntikana, NIL",MANGALORE,KARNATAKA,NON PPN
Athena Hospital,"Falnir Road,,MangaloreNIL",MANGALORE,KARNATAKA,NON PPN
"City Hospital Research And Diagnostic 
Centre","Pound Garden,,Kadri,MangaloreMangalore",MANGALORE,KARNATAKA,NON PPN
Father Muller Medical College Hospital,"Father Muller Road Father Muller Road, ,Kankanady 
Kankanady,Father Muller Road,MangaloreMangalore",MANGALORE,KARNATAKA,NON PPN
KMC Hospital (Attavar),"Aatavar,,AatavarNIL",MANGALORE,KARNATAKA,NON PPN
KMC Hospital Mangalore,"BR Ambedhkar Circle, Opposite to Jyothi Talkies, Balmatta 
Road",MANGALORE,KARNATAKA,NON PPN
Tejasvini Hospital And Ssiot (Mangalore),"Kadri Temple Road,,NIL",MANGALORE,KARNATAKA,NON PPN
Tara Hospital,"GHS Road, Mangaluru, Karnataka 575001Mangaluru",MANGALORE,KARNATAKA,NON PPN
Indira Hospital,"Near Falnir Clinic, Mangaluru, Karnataka 575002Mangalore",MANGALORE,KARNATAKA,NON PPN
Unity Hospital,"Falnir Road, Kankanady, Mangaluru, Karnataka 
575002Mangalore",MANGALORE,KARNATAKA,NON PPN
Sorake Chandra Shekar Hospitals (SCS),"Upper Bendoor, Dakshina Kannada,Beside Bhima Jewellers",MANGALORE,KARNATAKA,NON PPN
JSS Hospital,MG RoadMysore,MYSORE,KARNATAKA,NON PPN
"Annapoorna Orthopaedic And Speciality 
Hospital","No. 953, Kanghraj, Urs Road,,Lakshmipuram,,",Mysore,KARNATAKA,NON PPN
Basappa Memorial Hospital,"#22/8, Vinoba Road,Hunsur Road,Lavalakshmipuram",Mysore,KARNATAKA,NON PPN
Apollo BGS Hospital(Mysore),"19, Adichunchangiri 
Road,,Kuvempunagar,KuvempunagarNIL",MYSORE,KARNATAKA,NON PPN
Bhanavi Hospital,"#P2, Jcst, Anikethana Road, E & F Block, Kuvempunagar",MYSORE,KARNATAKA,NON PPN
"Bharath Hospital And Institute Of 
Oncology","No 438,Hebbal Area,MysoreMysore",MYSORE,KARNATAKA,NON PPN
Columbia Asia Hospitals(Mysore),"Survey No. 85-86,Bir-Mys-Ring Road, Junction, Belvatta 
Village,",MYSORE,KARNATAKA,NON PPN
"Gopala Gowda Shanthaveri Memorial 
Hospital( Nazarbad Medical Services Pvt 
L","T Narasipura Road, Nazarbad,",MYSORE,KARNATAKA,NON PPN
Holy Cross Hospital,"Kamagere,Kollegal Taluk,Chamarajnagar",MYSORE,KARNATAKA,NON PPN
Kamakshi Hospital,"Kuvempunagar, Saraswathipuram,",MYSORE,KARNATAKA,NON PPN
Karuna Hospital(Mysore),"# 671/B, Nrupathunga Road,,'M' Block,K.S.R.T.C Bus Depot 
Kuvempu. Nagar,Kuvempunaga",Mysore,KARNATAKA,NON PPN
"Narayana Hrudayalaya Surgical Hospital 
Pvt Ltd","Cah-1, 3rd Phase,,Devanur,NIL",MYSORE,KARNATAKA,NON PPN
New Priyadarshini Hospital,"No. 13, 4th Cross, 7th Mail Road,Brindavan 
Extension.,K;R;S. Road.,Near T:B.Sanitorium Hospital.",Mysore,KARNATAKA,NON PPN
River View Hospital,"#9, Beside Hebbal Lake,,(Behind V Lead), Next To Asha 
Kirana Hospital,,Hebbal Ring Road",Mysore,KARNATAKA,NON PPN
St Joseph'S Hospital(Mysore),"176,Bangalore-Mysore Highway,Bannimantap",Mysore,KARNATAKA,NON PPN
Vidyaranya Hospital Pvt Ltd,"#2876,4th Cross,,Opp : Gtr Narayana Shashtry 
Road,,Chamundipuram Mysore",Mysore,KARNATAKA,NON PPN
Shakthi Hill View Hospital,"6/A, Lalithamahal Nagara,TN Pura Main Road,MysuruMysuru",MYSORE,KARNATAKA,NON PPN
Chandrakala Hospital,"135, Kalidasa Rd, Jayalakshmipuram, Mysuru, Karnataka 
570012Mysore",MYSORE,KARNATAKA,NON PPN
Sigma Hospital,"P/8D, Saraswathipuram, Thonachikoppal Road, Mysore",MYSORE,KARNATAKA,NON PPN
Sundargiri Hospital,"No-3077, 1st Floor13th cross, R.P. Above Nandu Clinic, 14th 
Cross RP Road, Nanjanagudu, Karnataka 571301Nanjagud",MYSORE,KARNATAKA,NON PPN
Aishwarya Hospital,"30, 1st, main A-1Block Vijaya Nagar MysoreMysore",MYSORE,KARNATAKA,NON PPN
Brindavan Hospital,"64&64/1, 3rd Cross, K.D. road, Jayalakshmipuram,Mysore-
570012Mysore",MYSORE,KARNATAKA,NON PPN
Amrita Kripa Hospital,"Opp. 22nd Cross, Central Avenue Road, Roopnagar,Near 
Dasanakoppal Gate",MYSORE,KARNATAKA,NON PPN
Krishna Hospital,18th Cross RP Road NanjangudBangalore,NANJANGUD,KARNATAKA,NON PPN
Arogya Bharthi Hospital Karnataka,Opp KEB Shivagange Road nelamangala,NELAMANGALA,KARNATAKA,NON PPN
Chetana Hospital,"Near Shree Mahamaya Temple, Dist. Dakshina kannada,MT 
Road,",PUTTUR,KARNATAKA,NON PPN
Abhi Hospital,"3271/B Old B.M.Road,Opp Junoir College,,Gandhinagar",Ramanagra,KARNATAKA,NON PPN
Bgs Global Hospital(Ramanagara),"B. M. Main Road,,,Vivekanandnagar",Ramanagra,KARNATAKA,NON PPN
Nayana Hospital (Shimoga),"Tarikere Road, Bhadravathi,",SHIMOGA,KARNATAKA,NON PPN
Sri Basaveswara Hospital,"I St Main, Tilak Nagar,,Raghavendra Swamy Mutt 
Shimoga,Opp. Raghavendra Swamy Mutt 
Shimoga,ShimogaNIL",SHIMOGA,KARNATAKA,NON PPN
Subbaiah Hospital,"Jail Raod, SR Road",SHIMOGA,KARNATAKA,NON PPN
"Subbaiah Medical College Hospital And 
Research Centre (Shivamogga)","Nh-13 Purlae Village,,Shivamogga",Shimoga,KARNATAKA,NON PPN
Maax Super Speciality Hospital,"RMR Road Park Extension, Durgigudi,",SHIMOGA,KARNATAKA,NON PPN
Ashoka Sanjeevini Hospital,"Opp. To Science Field, Beside Meenakshi Bhavana,BH Road,",SHIMOGA,KARNATAKA,NON PPN
Marikamba Hospital,"Veera Savarkar Road, Devikere Circle, Court Road, Dist. 
Uttarakannada,",SIRSI,KARNATAKA,NON PPN
Melige Hospital,"SSR Mile Road, ThirthahalliThirthahalli",TIRTHAHALLI,KARNATAKA,NON PPN
Bharathi Hospital,"Opp. Neps, (Police Station),Near Bhadramma Choultry,,2nd 
CrossshankarapuramTumkur",TUMKUR,KARNATAKA,NON PPN
Charaka Hospital,"No.5, Opp. N.E.P.S. 2nd Main,,Shankarapuram,,B. H. Road,",Tumkur,KARNATAKA,NON PPN
Doddamane Hospital,"Shankaram, Near Neps Poloce Station,,B H Road,,",Tumkur,KARNATAKA,NON PPN
Dr K Narasimhaiah Hospital,"4th Main, Gandhi Nagar,,TumkurNIL",TUMKUR,KARNATAKA,NON PPN
Dr. Thammaiah Hospital,"# 973,Belagunba Road,,Kuvempunagar",Tumkur,KARNATAKA,NON PPN
Kasturba Hospital Tumkur,"S. S. Puram, 5th Cross Northern Extension,Main Road,,NIL",TUMKUR,KARNATAKA,NON PPN
Shridevi Hospital,"1st Cross, M.G. Rd.,",TUMKUR,KARNATAKA,NON PPN
Vijaya Hospital (Kunigal Road),"Banashnkari Kunigal Road,,,Kunigal RoadNIL",TUMKUR,KARNATAKA,NON PPN
Vinayaka Hospital Tumkur,"1st Main Road,,Opp Tumkur University, Ashoka Nagr,",TUMKUR,KARNATAKA,NON PPN
Sree Siddaganga Hospitals Pvt Ltd,"Dr Sree Sree Shivakumara Swamiji Road 
TumakuruTumakuru",TUMKUR,KARNATAKA,NON PPN
MM Multispecialty Hospital,"KRS Agrahara BM Road Tumkur, KunigalTumkur",TUMKUR,KARNATAKA,NON PPN
B Siddaramanna Hospital,"Bhagwan Mahaveer Road, Gandhi NagarTumkur",TUMKUR,KARNATAKA,NON PPN
Surya Hospital,"1st Main, Vinayaka Nagar, Behind Akkamahadevi Seva 
Samaja, Jaya Chamarajendra Road, Tumakuru, Karnataka 
572101Tumkur",TUMKUR,KARNATAKA,NON PPN
THS Superspeciality Hospital,"NEAR MARUTHI THEATHER, B.H. ROAD, 
GUBBIGATE,TUMKUR",TUMKUR,KARNATAKA,NON PPN
Aruna Hospital Tumkur,Dr Radhakrishnan Road Ss Puram Main RoadTumkur,TUMKUR,KARNATAKA,NON PPN
Sukrutha Hospital,"20, 2nd Block,Manjunath Nagar,Beside Sree Gurukula 
School,",TUMKUR,KARNATAKA,NON PPN
Nandi Hospital,"1st Cross, K.R. Extn,Near Bhadramma Circle,",TUMKUR,KARNATAKA,NON PPN
Madilu Hospital,"4th Cross, Shankarapuram, Opp NEPS Police Station,Near 
Pruthvi Hotel",TUMKUR,KARNATAKA,NON PPN
Sarvodaya Multi Speciality Hospital,"Kamadhenu Buliding, BH Road,Near Govt High School Field,",TUMKUR,KARNATAKA,NON PPN
Adarsha Hospital,"Near KSRTC Bus Stand,",UDUPI,KARNATAKA,NON PPN
City Hospital ( Udupi),"Behind Alankar Theater,",UDUPI,KARNATAKA,NON PPN
"Hitech Medicare Hospitaland Research 
Centre","N.H. 66,Ambalapady,,AmbalapadyNIL",UDUPI,KARNATAKA,NON PPN
Kasturba Hospital (Udipi),"Madhav Nagar,,,Manipal",Udupi,KARNATAKA,NON PPN
Mitra Hospital,"Old Post Office Road, Near Diana Circle,",UDUPI,KARNATAKA,NON PPN
Vinaya Hospital,"Main Road Kundapur, udupi",UDUPI,KARNATAKA,NON PPN
Karothukuzhi Hospital Pvt Ltd,"Karothukuzhi Junction,Market Road Aluva,Aluva",Aluva,KERALA,NON PPN
National Hospital (Calicut),"Indira Gandhi Road, Kozhikode",CALICUT,KERALA,NON PPN
Pvs Hospital,"Railway Station Road,CalicutNIL",CALICUT,KERALA,NON PPN
Meitra Hospital,"Building No. 38/2208-B, Karaparamba, Kunduparamba Mini 
Bypass Road, Edakkad Post, Kozhikode,",CALICUT,KERALA,NON PPN
Koyas Hospital,"Cheruvannur, Feroke,nil",CALICUT,KERALA,NON PPN
PS Mission Hospital,"Kundannoor, Maradu,Dist.Ernakulam",COCHIN,KERALA,NON PPN
"Bharath Rural Hospital And Trining 
Centre","South Kuriyappilly Moothakunnam(Po),N. Paravoor,N. 
ParavoorNIL",ERNAKULAM,KERALA,NON PPN
Lakeshore Hospital And Research Centre,"Nh-47, Bypass ,Maradu,Nettor Po, Way From Kundanoor To 
Aroor,,Near Nippon Toyota ShowroomNIL",ERNAKULAM,KERALA,NON PPN
"Muvattupuzha Co-Operative Super 
Specialty Hospital & Research Centre 
LTD","Near Chalikadavu Bridge One Way Junction Ernakulam 
kerala Ernakulam",ERNAKULAM,KERALA,NON PPN
Cimar Cochin Hospital,"N.H.17,thukkavu bus stop, Chedanallore,Edappally",ERNAKULAM,KERALA,NON PPN
City Hospital,"MG Road, Padma Junction,Kochi,nil",ERNAKULAM,KERALA,NON PPN
Tellicherry Co-Operative Hospital,"Palissery, Thalassery, Kannur, Kerala 670101Kannur",KANNUR,KERALA,NON PPN
Ashoka Hospital,"South Bazar,,Near Kannur Taluka Office,KannurNIL",KANNUR,KERALA,NON PPN
Dhanalakshmi Hospitals Pvt.Ltd,"Kannothumchal Road,Kannur Dist.,Kannur Dist.NIL",KANNUR,KERALA,NON PPN
Indira Gandhi Co-Operative Hospital,"Manjodi, Near Thiruvangad Sreerama Temple,ThalasseryNIL",KANNUR,KERALA,NON PPN
Chaithanya Ent Hospital,"38/685A, Sahodaran Ayyappan Road,,Near Nalayala 
Nanoraha,CochinSA Road",KOCHI,KERALA,NON PPN
Gautham Hospital,"Panay Apilly, Mons. Mathew Kothakathu Rd",KOCHI,KERALA,NON PPN
Krishna Hospital ( Cochin),"M.G.Road,,CochinNIL",KOCHI,KERALA,NON PPN
Rajagiri Hospital Kochi,"Chunangamvely PO, Aluva, Chunangamvely, NIL",KOCHI,KERALA,NON PPN
Specialists Hospital,"Ernakulam , North,Kcm Mather Road,,ErnakulamNIL",KOCHI,KERALA,NON PPN
VG Saraf Memorial Hospital,"Sreekarnath Road,Ravipuram,KochiBehind thanishq 
jewellery",KOCHI,KERALA,NON PPN
Indira Gandhi Co-Operative Hospital,"Gandhi Nagar Road, Opposite Rajiv Gandhi Indoor Stadium, 
Gandhi Nagar, Kadavanthra, Kochi, Kerala 682020Kochi",KOCHI,KERALA,NON PPN
Lisie Hospital,"3053,Lissie Junction, Ernakulam North,nil",KOCHI,KERALA,NON PPN
Jacobs Hospital,"Kazhuthumuttu,Thoppumpady,nil",KOCHI,KERALA,NON PPN
Kinder Multispeciality Hospital,"Pattadipalam, Edappally,Dist. Ernakulam,",KOCHI,KERALA,NON PPN
Dr Nairs Hospital,"445, Residency Road, Middle Word, Asramam",KOLLAM,KERALA,NON PPN
Kims Kollam Multi Specialtiy Hospital,"Sithara Junctionsithara Junction , Dist. Kottyam,NIL",KOLLAM,KERALA,NON PPN
Upasana Hospital,"Curzol Rd.,Chinnakada,KollamNIL",KOLLAM,KERALA,NON PPN
Mitera Hospital,"M.C road, Thellakom, Kottayam, Kerala 686630Kottayam",KOTTAYAM,KERALA,NON PPN
Kims Multispeciality Hospital (Kottayam),"KIMS Bellerose Institute of Medical Sciences Pvt. Ltd 
Thoothutty Junction, Kudamaloor,nil",KOTTAYAM,KERALA,NON PPN
Asten Specialty Orthopaedic Hospital,"Nh-17 Bypass,Pantheerankavu,NIL",KOZHIKODE,KERALA,NON PPN
Baby Memorial Hospital,"Indira Gandhi Road,Kozhikode,NIL",KOZHIKODE,KERALA,NON PPN
Starcare Hospital Kozhikode Pvt Ltd,"Thondayad Bypass,Chevarambalam Po,Near Thondayad 
Junstion,",KOZHIKODE,KERALA,NON PPN
Moulana Hospital,"P. B. No. 31, Ootty Road,Perinthalmanna,MalappuramNIL",MALLAPURAM,KERALA,NON PPN
"Korambayil Hospital And Diagnostic 
Centre Pvt Ltd","Pandikkadu Road, East Road,ManjeriDist. Malappuram,",MANJERI,KERALA,NON PPN
Ahalia Diabets Hospital,"Ahalia Health Heritage And Knowledge Village,,,",Palakkad,KERALA,NON PPN
"Ananthapuri Hospitals And Research 
Institute","31 / 1424, Chacka, N H Bypass,","THIRUVANANTHAP
URAM",KERALA,NON PPN
Medicare Hospital,"Kodungallur,T.K.S. Puram,,T.K.S. Puram,",Thrissur,KERALA,NON PPN
Daya General Hospital Limited,"Shoranur Road,Near Viyyur Bridge,,Near Viyyur Bridge,nil",TRICHUR,KERALA,NON PPN
"Gem Hospital And Research Centre 
(Thrissur)","Paravattani,,East Fort P.O.,NIL",TRICHUR,KERALA,NON PPN
Craft Hospital And Research Centre,"Chandapura,Kodungallur,Thrissur,nil",TRICHUR,KERALA,NON PPN
"Kims Multispeciality Hospital 
(Trivandrum)",P.B NO 1 ANAYARA P.O THIRUVANANTHPURAMNIL,TRIVANDRUM,KERALA,NON PPN
"India Hospital(Unit Of Manhattan 
Hospital Pvt Ltd)","TC 25/1850 Melethampanoor,Near Gandhari Ammankovil 
Road,",TRIVANDRUM,KERALA,NON PPN
KJ Medical Trust Hospital,"Kalpetta North, Kainatty,nil",WAYANAND,KERALA,NON PPN
Asg Hospital Pvt Ltd (Bhopal),"E - 3/157, ARERA COLONY, BHOPALNIL",BHOPAL,MADHYA PRADESH,NON PPN
Bansal Hospital,"C- Sector, Near Manisha Market, Shahpura Lake, 
ShahpuraBhopal",BHOPAL,MADHYA PRADESH,NON PPN
B.S.Sacklecha Hospital,"Plot No.2,Shriram Colony,,Infront Of Vrindavan 
Garden,,Hoshangabad Road,",Bhopal,MADHYA PRADESH,NON PPN
Galaxy Hospital,"25 Banjari Near Jain Mandir Danish Kunj Kolar Road,,755",Bhopal,MADHYA PRADESH,NON PPN
"Ganga Multispeciality Hospital And 
Maternity Home","Plot No. 19, Seth Phool Chand Nagar,,Hoshangabad Road, 
Mandideep,,RaisenNIL",BHOPAL,MADHYA PRADESH,NON PPN
Gayatri Hospital And Trauma Centre,"68, Bijli Colony,,Anand Nagarraisen Road,",Bhopal,MADHYA PRADESH,NON PPN
Noble Multi Speciality Hospital (Bhopal),"Plot No.269/1,Opp. Oslte Misrod Police Station,Near 
M.P.E.B. Sub Station",Bhopal,MADHYA PRADESH,NON PPN
RJN Apollo Spectra Hospitals,"18, Vikas Nagar Near Sai Baba Mandir, GwaliorGwalior",GWALIOR,MADHYA PRADESH,NON PPN
Bimr Hospitals,"Surya Mandir Road,,Residency,,MorarNIL",GWALIOR,MADHYA PRADESH,NON PPN
Mansarovar Care Hospital,"No.7,Crossing kalpana nagar,Morar,Infront of Circut House",GWALIOR,MADHYA PRADESH,NON PPN
Bhandari Hospital And Research Centre,"21-23 G F , B H R C Parisar,,Scheme No. 54, Opp. 
Meghdoot Garden,,IndoreNIL",INDORE,MADHYA PRADESH,PPN
Bombay Hospital Indore,"RING ROAD, SCHEME NO. 94/95",INDORE,MADHYA PRADESH,PPN
Barod Hospital,"AH-28-29, Sr. HIG, MR-10, Sukhaliya Square, Bapat 
Chouraha, Indore, Madhya Pradesh-452010",INDORE,MADHYA PRADESH,NON PPN
Apollo Rajshree Hospital Pvt Ltd,"Scheme No. 74-C, Sector-D, Vijay Nagar, Indore, Madhya 
Pradesh",INDORE,MADHYA PRADESH,PPN
"Anand Hospital And Reserach Centre 
Pvt.Ltd(Indore)","7, Sindhu Nagar,Bhanwar Kuwa Main Road,IndoreNIL",INDORE,MADHYA PRADESH,PPN
"Apple Indore Hospital And Research 
Centre","15/1, Transport Nagar, Opp Allahabad Bank, Bhawarkua 
Square",INDORE,MADHYA PRADESH,PPN
Convenient Hospitals Ltd,"A B Road, Near LIG Square,",INDORE,MADHYA PRADESH,PPN
Curewell Hospital Pvt Ltd,"19-1 C,,New Palasia,,NIL",INDORE,MADHYA PRADESH,PPN
"Eureka Hospital And Research Centre Pvt 
Ltd","Gauri Tower 6/1 Old Palasia,,IndoreNIL",INDORE,MADHYA PRADESH,PPN
Greater Kailash Hospital,"11 / 2, Old Palasia, Old Palasia,NIL",INDORE,MADHYA PRADESH,PPN
Global Sng Hospital,"16/1, South Tukoganj,,Kanchan Bag Main Road,,Nr. 
Samavsharan Mandir,NIL",INDORE,MADHYA PRADESH,NON PPN
Gokuldas Hospital And Research Centre,"11, Dr Sarju Prasad Marg,,Indore",INDORE,MADHYA PRADESH,NON PPN
Life Care Hospital Indore,"2, Scheme No. 78, Part I I, P S P,,Near Pollution Control 
Board,,IndoreNIL",INDORE,MADHYA PRADESH,PPN
Mayur Hospital And Research Centre,"Plot No. 304, Scheve No 911ee, Ring Road,Nil,Scheme 
No.94- Ee Plot No.304,IndoreNIL",INDORE,MADHYA PRADESH,PPN
Medi Square Super Speciality Hospital,"9 Vishnupuri Colony,Near Bhanwarkua Square,,A. B. 
Road,NIL",INDORE,MADHYA PRADESH,PPN
Mohak HiTech Speciality Hospital,"Saims Compus,,Indore-Ujjain Highway,Mr-10 Crossing Teh 
SanwerNIL",INDORE,MADHYA PRADESH,PPN
Noble Hospital And Intensive Care Unit,"28/1,South Tukoganj,(Opp. Jal Auditorium),,IndoreNIL",INDORE,MADHYA PRADESH,PPN
Sahaj Hospitals Pvt Ltd,"15/2 South Tukiganj,,,Near Manas BhawanNIL",INDORE,MADHYA PRADESH,PPN
Shalby Hospital Ltd. ( Indore ),"Part. 5 & 6 , Dr. R.S.Bhandari Marg,,Race Course Road,Near 
Janjeerawala SquareNIL",INDORE,MADHYA PRADESH,PPN
Synergy Hospital,"Scheme No.74-C,,Sector-B, Vijay Nagar,,Vijay NagarNIL",INDORE,MADHYA PRADESH,PPN
"Vedant Hospital(Vedant Medicare 
Pvt.Ltd)","1,Sindhu Nagar,,Bhawarkuwa Main Road,,NIL",INDORE,MADHYA PRADESH,NON PPN
Retina Speciality Hospital,"324-325, Sch. No-54, PU-4, Rasoma Squre, A B Road, 
indoreIndore",INDORE,MADHYA PRADESH,NON PPN
"Metro Hospital And Cancer Research 
Center","Kuchaini Parisar,Damoh Naka,Near Shetriya Bus 
Stand,JabalpurNIL",JABALPUR,MADHYA PRADESH,NON PPN
Life Medicity Hospital,"5, Aaga Chowk, Baldeobagh,nil",JABALPUR,MADHYA PRADESH,NON PPN
Mewar Hospital Pvt Ltd (Mandsaur),"Police Line Choraha, Opp SBI Bank,Mahu-Neemuch 
Road,NIL",MANDSAUR,MADHYA PRADESH,NON PPN
Mewar Hospital Pvt Ltd(Shehdol),"Bhageria Tower,,Burhar Road,,ShahdolNIL",SHAHDOL,MADHYA PRADESH,NON PPN
Mewar Hospital Pvt Ltd (Dhar),"Shri Sumatinath Jain mandir parisar,Opp. P.G. College, 
Indore Road,Dhar",UJJAIN,MADHYA PRADESH,NON PPN
Mewar Hospital Pvt Ltd (Ujjain),"Near Madhav Nagar Police Control room, Opp LIC 
office,Freeganj,nil",UJJAIN,MADHYA PRADESH,NON PPN
Aarogyam Agrawal Hospital,"Near Swami Samarthi Mandir, Savedi Road, 
AhmednagarAhmednagar",AHMEDNAGAR,MAHARASHTRA,NON PPN
Balaji Paediatric And Dental Hospital,"Old Pathal Hospital, Near Beside Classes, 
AhmednagarAhmednagar",AHMEDNAGAR,MAHARASHTRA,PPN
"Advanced ENT & Multispeciality Hospital 
Pvt Ltd","Pundalink Nagar Road,Near Gajanan Maharaj 
Mandir,,Beside Essar Petrol Pump,,NIL",AURANGABAD,MAHARASHTRA,NON PPN
Apex Superspeciality Hospital,"No: 5-8, Bassayye Nagar,,Opp.Sfs School,,Aurangabad",Aurangabad,MAHARASHTRA,NON PPN
Sanjeevani Childrens Hospital,"14- Kushalnagar, Near Patidar Bhavan,,Behind J & K 
Bank,Jalna Road,,Aurangabad",Aurangabad,MAHARASHTRA,NON PPN
Giriraj Hospital,"Baramati - Indapur Road,Near Baramati St Stand,Baramati",Baramati,MAHARASHTRA,NON PPN
Bhatwal Surgical And Maternity Hospital,"111A, Agrawal Nagar, Malegaon Road,",DHULE,MAHARASHTRA,NON PPN
Bhirud Hospital,"Jamner Road, Near Maharana Pratap School, I/F, of Bank Of 
BarodaBhusawal",JALGAON,MAHARASHTRA,NON PPN
Ruby Hospital & Critical Care,"5, Mahesh Marg, Behind Bahinabai Garden,nil",JALGAON,MAHARASHTRA,PPN
Warkad Hospital,"HN-1148, Vaibhav Colony, New mandha road, 
Wasundhara,NIL",JALNA,MAHARASHTRA,NON PPN
Shri Samarth Hospital,Near Buldhana Urban bank Gandhi Chaman JalnaJalna,JALNA,MAHARASHTRA,NON PPN
The Kalyan Hospital,"Ground Floor , Gagangiri Enclave , B 11 , Near Godrej Hill , 
Khadakpada, Kalyan ( West ) NIL",KALYAN,MAHARASHTRA,PPN
City Criticare Hospital,"1st Flr, Shubham Aports, Near Commissioner 
Bunglow,Kalyan Murbad Road,Kalyan CityNIL",KALYAN,MAHARASHTRA,PPN
"Dr CB Vaidya Memorial Hospital(M/S S S 
Vaidhya Health Care Centre)","Opp. City Post Office, Tilak Chowk, Kalyan West, 
Thane,,KalyanNIL",KALYAN,MAHARASHTRA,PPN
Shivam Hospital (Dombivili),"Plot No. 57, Crw Chs,,Near Midc Water Tank, Kalyan 
Road,,Dombivli(E)NIL",KALYAN,MAHARASHTRA,PPN
Spectrum Hospital(Thane),"Opp Bsnl,Agra Rd Kalyan West,Near bank Of baroda,Thane,",KALYAN,MAHARASHTRA,PPN
Star City Multispeciality Hospital Pvt Ltd,"Anant Sudha Sadan Gopal Chowk,Chakki Nakka,Nr. To 
Kalyan StationNIL",KALYAN,MAHARASHTRA,PPN
Saanvi Ent Hospital,"111/1st floor, shreeji solitaire, above, bikane sweet 
kalyankalyan (Mumbai)",KALYAN,MAHARASHTRA,PPN
Sai Swastik Multispeciality Hospital,"Shiv vaibhav Aprtment No 2, Near Vittal mandir, F-cabim , 
Vittalwadi, Kalyan East 421306Shiv vaibhav Aprtment No 2, 
Near Vittal mandir, F-cabim , Vittalwadi, Kalyan East",KALYAN,MAHARASHTRA,PPN
"Shree Sadguru Krupa Accident Fracture 
Hospital","1st Floor, Mitali Heights, Gurudham Hotel Link Road, Kalyan 
East, Thane - 421306, Near Kdmc D Ward Kalyan",KALYAN,MAHARASHTRA,PPN
Ankur Multispecialty Hospital,"Ground floor, Patel plaza, Murbad Road Near Ajit Scan 
Center, KalyanKalyan",KALYAN,MAHARASHTRA,PPN
Prathamesh Hospital,"Namdev Vihar,D-wing, Opp. Don Bosco Pre-
school,Chikanghar,Rambaug No.4Kalyan(W)",KALYAN,MAHARASHTRA,NON PPN
Lifecare Hospital,"First floor, Radhika Apartment, Above HDFC Bank, Poona 
Link Road, Chakki Naka, Kalyan,Thane,",KALYAN,MAHARASHTRA,PPN
Krishna Lila Hospital,"Vishwakarma Plaza, First floor, Near PMG Bank, Malang 
Road,Thane",KALYAN,MAHARASHTRA,PPN
"Global Healthcare Orthopedics and 
Gynecology Hospital","Shope no. 678 Chaturth CHS, Plot no. 33 Sector 12, 
Kamothe, MaharastraSector 12",Kamothe,MAHARASHTRA,NON PPN
Aster Aadhar Hospital,"R. S. No. 628, 'B' Ward, Near Shastri Nagar, Kolhapur, 
Maharashtra 416012Kolhapur",KOLHAPUR,MAHARASHTRA,NON PPN
"Rukade Fracture, Accident And 
Orthopaedic Hospital","Plot No. 110, Akhilesh Park, Nh-4,,Vijay Arcade Dattajirao 
Ingale Nagar Pune-Bangalore Road Kagal,Kagal",Kolhapur,MAHARASHTRA,NON PPN
Kokilaben Dhirubhai Ambani Hospital,"Rao Saheb Achutrao Patwardhan Marg, Four Bungalows, 
Andheri West",MUMBAI,MAHARASHTRA,PPN
Sarla Hospital And ICU,"5-D, Dattatray Road, Behind Surya HospitalSantacruz West,",MUMBAI,MAHARASHTRA,PPN
Criticare Hospital And Research Centre,"PLOT NO-39,MAIN GULMOHAR ROAD,J.V.P.D. 
SCHEME,ANDHERI(W)-691mumbai",MUMBAI,MAHARASHTRA,PPN
Mallika Hospital,"Sharma Estate,Next To Dewan Shopping 
Centre,,S.V.Road,,Jogeshwari(W)NIL",Mumbai,MAHARASHTRA,PPN
National Hospital,"Mathruashish Building, 101/102/103/104 , MG Road, Borivali 
EastNIL",MUMBAI,MAHARASHTRA,PPN
"Bombay Hospital And Medical Research 
Centre","12, Sir V. T. Marg,New Marine Lines,Marine LinesNIL",MUMBAI,MAHARASHTRA,PPN
Sl Raheja Fortis Hospital,"Raheja Rugnalaya Road, Mahim West",MUMBAI,MAHARASHTRA,PPN
Joy Hospital Pvt Ltd,"423, A B, Joy Hospital,,10th Road,,ChemburChembur",MUMBAI,MAHARASHTRA,NON PPN
"Sanjeevani Surgical And General Hospital 
( Malad )","Bhawani Chambers,,Kedarmal Road,Of Rani Sati Marg, 
Malad (E)NIL",MUMBAI,MAHARASHTRA,PPN
Dhanwantry Hospital And Iccu,"545,N.S.Road,Near 5 Rasta,MulundNIL",MUMBAI,MAHARASHTRA,PPN
"Shree Sai Clinic And Late Parvati Shankar 
Rao Chavan Memorial Hospital","Padmavati Bldg,Unnat Nagar Road No.2,,Near Pathkar 
College, Sv Road,,Goregaon(W)Mumbai",Mumbai,MAHARASHTRA,PPN
"Surana Sethia Hospital And Research 
Centre","Suman Nagar, Opp. Corporate Park,,Sion Trombay 
Road,,ChemburNIL",Mumbai,MAHARASHTRA,PPN
Sumangal Hospital,"Mitnayan Chs. Ltd., Old Link Road,,Ganesh 
Nagar,,Kandivali(W)Mumbai",Mumbai,MAHARASHTRA,PPN
Riddhi Siddhi Hospital Pvt Ltd,"1st Floor, Sheetal Plaza,,Opp; Sivar Garden, Mira-Bhayandar 
Road,,Mira RoadNIL",MUMBAI,MAHARASHTRA,PPN
Hira Mongi Navneet Hospital,"Valji Ladha Road,,Opp Achija Hotel, Near Kalidas Natya 
Mandir,,Mulund (W)Mulund",MUMBAI,MAHARASHTRA,PPN
Parakh Hospital,"Khokhani Lane,,Opp. Railway Station,,Ghatkopar(E)NIL",MUMBAI,MAHARASHTRA,PPN
Sterling Wockhardt Hospital,"On Sion-Panvel Expressway,Plot No. 48 & 49, Sector 
No.07,VashiNIL",MUMBAI,MAHARASHTRA,PPN
Bhatia General Hospital,Tumkur Javji Marg Tardeo Grant Road MumbaiMumbai,MUMBAI,MAHARASHTRA,NON PPN
"Life Line Hospital And Medical Research 
Centre","C-44 SAI ARCADE, PLOT NO 184, OPP S T STAND, PANVEL, 
DISTT-RAIGAD, PANVELPANVEL",MUMBAI,MAHARASHTRA,PPN
Sanjeevani Hospital( Andheri),"11,Nityanand Nagar,,Sahar Road,,Andheri(E)Mumbai",MUMBAI,MAHARASHTRA,PPN
"Dr Voras Premature Care Unit And 
General Hospital","2-4/A, Kokil Kunj, Behind Patel Nagar, Kandivali West,NIL",MUMBAI,MAHARASHTRA,PPN
Sushrut Hospital And Research Centre,"365, Swastik Park,Opposite To Swastik Chembers And Lane 
Mseb Staff,ChemburNIL",MUMBAI,MAHARASHTRA,PPN
Kohinoor Hospital Pvt Ltd,"Kohinoor City, Kirol Road,,Off L B S Road,,Kurla (W)Mumbai",MUMBAI,MAHARASHTRA,PPN
Dr Balabhai Nanavati Hospital,"S.V ROAD VILE PARLE (W),Mumbai",MUMBAI,MAHARASHTRA,PPN
Dr Das Hospital,"2nd & 3rd Floor, Gagangiri Complex, Near Ambedkar 
Garden, 18th Road, Chembur,NIL",MUMBAI,MAHARASHTRA,PPN
Aditi Hospital,1st Floor Param Ratan Co-Op HSG SOC Ltd MaladMumbai,MUMBAI,MAHARASHTRA,PPN
The Childrens Hospital,"1/2 Chandra Raj Apartment Chincholi Bunder 
Road,,Khandelwal Layout,Link Road,Malad (W)Mumbai",MUMBAI,MAHARASHTRA,PPN
Godrej Memorial Hospital,"Pirojsja Nagar,,,Vikhroli(E)NIL",MUMBAI,MAHARASHTRA,NON PPN
Saarthi Hospital,"Vakratunda Palace,,Tank Road,,BhandupMumbai",Mumbai,MAHARASHTRA,PPN
"Modi General Hospital And I.C.C.U ( 
Vikhroli )","240/3271, Tagore Nagar, Vikhroli EastNIL",MUMBAI,MAHARASHTRA,PPN
Prince Aly Khan Hospital,"Aga Hall,,Nesbit Road,,MazagaonMumbai",MUMBAI,MAHARASHTRA,NON PPN
Platinum Hospitals,"G-103, Ground Floor, Colourscape Shopping Mall, 
D.D.Upadhyay Marg, Next To Bus Depot, Near Mulund 
Checknaka, MulundMumbai",MUMBAI,MAHARASHTRA,PPN
Fortis Hospital Limited Mulund,Mulund Goregaon Link RoadMulund,MUMBAI,MAHARASHTRA,PPN
Fortis Hospital Limited Kalyan,"Adheshwar Park, Bail Bazaar,Kalyan Shill Road, Kalyan West",MUMBAI,MAHARASHTRA,PPN
Dr. Rane Hospital,"B 106,Dhan Laxmi Appt. Road No. 2,Pestom Sagar 
Road,Chembur",Mumbai,MAHARASHTRA,PPN
Dr Bothra S Hospital,"1st Floor ,Ram Krishna Building,,Gadav 
Naka,Bhandup(W)Bhandup",MUMBAI,MAHARASHTRA,PPN
Sahayog Hospital (Virar),"Yashwant Vihar Complex,Near M G M School Bolinj,Opp. 
Mhada Ground,,Virar(W)Palghar",MUMBAI,MAHARASHTRA,PPN
"Rg Stone Urology And Laparoscopy 
Hospital Andheri","C Wing, Dhananjay Apartment,,Behind Balaji Studio, Off 
Veera Desai Road,,Andheri (W)mumbai",Mumbai,MAHARASHTRA,PPN
"Divine Multispeciality Hospital And 
Research Centre","Plot No-21, Sector -6, Ghansoli, Navi Mumbai-
400701Mumbai",MUMBAI,MAHARASHTRA,PPN
Shah Children Hospital,"A-Wing Arunoday Tower Kotan Nagar Opp Jaoli Bank J, 
Bhandup (W)mumbai",MUMBAI,MAHARASHTRA,PPN
Vardhaman Hospital & ICCU,"Sheetal Apt B Wing J M Road Opp Shiv Sena Shakha 
Bhandup (W), Bhandupmumbai",MUMBAI,MAHARASHTRA,PPN
Platinum Hospital Pvt Ltd,"Shree Sanklap siddhi complex Opp Range Office Vasai, 
VasaiVasai",MUMBAI,MAHARASHTRA,NON PPN
Apollo Hospitals Enterprise Limited,"Plot-13, Sector-23,Parsik Hill Road, Off.Uran Road, CBD, 
Belapur , Navi MumbaiMumbai",MUMBAI,MAHARASHTRA,PPN
Zen Multispeciality Hospital,"Plot No. 425, 10th Road,,Chembur,,ChemburChembur",MUMBAI,MAHARASHTRA,PPN
Galaxy Criticare Hospital,"1st Floor, Deepti Place, Above Prestige Hotel, Ghanshyam 
Gupte Road, Nr Bhoir Chowk, Dombivali (W)Dombivali",MUMBAI,MAHARASHTRA,PPN
Oscar Multispeciality Hospital,"Pooja enclave,Opp Ganesh nagar,Kandivali(West)Mumbai",MUMBAI,MAHARASHTRA,PPN
Apollo Spectra Hospitals Chembur,"Ujagar Prints, plot No. 2B/W, Sundar Baug, Opp. Deonar 
Bus Depot, Borla Village, Chembur , MumbaiChembur",MUMBAI,MAHARASHTRA,PPN
Zenith Hospital (Mumbai),"Parth Business Plaza,,Mith Chowki Link Road,,Malad 
WestMalad",Mumbai,MAHARASHTRA,PPN
Shri Balchikitsalaya Hospital,"14 A Miniland Tank Road, MumbaiMumbai",MUMBAI,MAHARASHTRA,PPN
Srv Hospital,"179/180, Kamala Charan Building,,Rd. No. 2 ,Jawahar 
Nagar,,Goregaon",MUMBAI,MAHARASHTRA,PPN
Aastha Hospital (Mumbai),"65,Balasinor Society,S.V. Road, Kandivali(W),,S.V. 
Road,,Kandivali(W)Kandivali,",MUMBAI,MAHARASHTRA,PPN
Aditi Hospital Mulund,"185/R, Alhad, P.K.Road,,Opp Kalidas Sport ComplexMulund-
West",MUMBAI,MAHARASHTRA,PPN
Ananda Hospital,"Krimson Park, Next To Corporation Bank,,Amboli Signal, 
S.V.Road,,Andheri (W)NIL",MUMBAI,MAHARASHTRA,PPN
Apex Hospital (Mulund),"Veenanagar Phase Ii, Near Swapna Nagri,,Model Town & 
Tulsi Pipe Lane Road,,Mulund (W)",Mumbai,MAHARASHTRA,PPN
"Apollo Spectra Hospitals (Apollo 
Speciality Hospitals Private Ltd)","156, Pt. M. M. Malviya Road,,,TardeoNIL",MUMBAI,MAHARASHTRA,PPN
"Ashirwad Critical Care Unit And 
Multispeciality Hospital","1st, 2nd, Navinjyot Buliding,,R.R.T. Road, Opposite Om 
Jewellers,,Mulund (W)NIL",MUMBAI,MAHARASHTRA,PPN
Ashirwad Heart Hospital,"Vivek Building,Tilak Road,,Ghatkopar",MUMBAI,MAHARASHTRA,PPN
Axon Hospital,"5 Th Floor, 'A' Wing, Pranik Chamber,,Sakinaka 
Junction,,Andheri ( East )NIL",MUMBAI,MAHARASHTRA,PPN
Badwaik Maternity And General Hospital,"L.B.S. Marg,,Jain Mandir,,Bhandup,NIL",MUMBAI,MAHARASHTRA,PPN
"Criticare Multispecialtiy Hospital And 
Research Center","Plot No 516,Near Sbi Sme Branch,,Telli 
Galli,,Andheri(E)Andheri East",MUMBAI,MAHARASHTRA,PPN
Dhanashri Hospital Mumbai,"Siddhivinayak Tower,,Near Collector'S Office,Natakwala 
Lane,,Borivali (W),NIL",MUMBAI,MAHARASHTRA,PPN
Dna Multispecialty Hospital,"1st Floor, Whispering Palms Shopping Center,,Next To 
Lokhandwala Sales Office, Akurli Road,Kandivali ENIL",MUMBAI,MAHARASHTRA,PPN
Dr Mukhis Raj Hospital,"Devi Dayal Road,,Near Panch Rasta,,Mulund (W)",Mumbai,MAHARASHTRA,PPN
Dr Bhatia Multispecilaity Hospital,"Shraddha Bhandup,,Village Road Bhandup (West),NIL",MUMBAI,MAHARASHTRA,PPN
Dr Dipak Desais Ent Hospital,"206 Gayatri Dham M G Road Ghatkopar (E),NIL",MUMBAI,MAHARASHTRA,PPN
All Cure Hospital(Jogeshwar),"1st Floor, Kesar Plaza,,Caves Road, Near State Bank Of 
India,,Jogeshwari(E)NIL",MUMBAI,MAHARASHTRA,PPN
Dr. Shetty'S E.N.T. Hospital,"9, Luv-Kush, M.G.Road,,Panch Rasta,,Mulund(W)",Mumbai,MAHARASHTRA,PPN
Dr Meena Multispeciality Hospital,"10/A And Bminiland ,Tank Road,,Near Shivaji 
Talav,,Bhandup- WNIL",MUMBAI,MAHARASHTRA,PPN
Fauziya Hospital(Mumbai),"209, Aero View CHS, L.B.S Marg, Kurla Kurla",MUMBAI,MAHARASHTRA,PPN
"Global Hospital Super Speciality And 
Transplant Centre","35, Dr.E Borges Road ,Hospital Avenue,Opp Shirodkar High 
School,Parel",MUMBAI,MAHARASHTRA,PPN
"H.J.Doshi Ghatkopar Hindu Sabha 
Hospital","Shraddanand Road,Opp Railway Station,Ghatkopar(W)",Mumbai,MAHARASHTRA,PPN
Inlaks General Hospital,"Inlaks Hospital Road,,Chembur Colony ,,Chembur",Mumbai,MAHARASHTRA,PPN
"Jaslok Hospital And Medical Research 
Institute","15, Dr. G. Deshmukh Marg,,,Pedder Road",MUMBAI,MAHARASHTRA,PPN
"KJ Somaiya Hospital and Research 
Centre","Somaya Ayurvihar Complex,,Opp Eastern Express 
Highway,,Sion (E)",MUMBAI,MAHARASHTRA,PPN
Kolekar Hospital and ICU,"Omprakash Arcade,2nd Floor,,Unit No -209,Ambedkar 
Garden,ChemburNIL",MUMBAI,MAHARASHTRA,PPN
Life Line Hospital & Heart Institute,"A-Wing, 101,102,B-101,,Vishal Complex,,S. V. 
Road,Malad(W)NIL",MUMBAI,MAHARASHTRA,PPN
Lifeline Medicare Hospital Pvt Ltd,"A-1, Gagan Chambers, Nr. Gokuldham Medical 
Centre,,Gokuldham, Goregaon (E),Goregaon (E)NIL",MUMBAI,MAHARASHTRA,PPN
Lifeline Multispeciality Hospital (Malad),"Sainath Road, Cts No. 613/1,,Nr. Malad Subway, Off. S.V. 
Road,,Malad WestNIL",MUMBAI,MAHARASHTRA,PPN
Lifewave Hospital,"A/5, Sukh Sagar Mehal, Brachani Nagar Road,,Children'S 
Academy High School Malad,MaladNIL",MUMBAI,MAHARASHTRA,PPN
Lotus Multispeciality Hospital,"B-1,2 Satyam Apartment ,Dutta Mandir Road,Bhandup 
(West)Near Shriram College,",MUMBAI,MAHARASHTRA,PPN
Masina Hospital,"Near Gloria Church, Sant Savta Mali Marg,,Near Ralway 
Station,,Byculla (E)NIL",MUMBAI,MAHARASHTRA,PPN
Namita Polyclinic And Hospital,"Ganga Shalimar,,Navyug Nagar, S.V. Road,,Dahisar (E)",Mumbai,MAHARASHTRA,PPN
Narendra Hospital,"Seeta Mahal,,Kasturba Road 5,,Borivali(E)NIL",MUMBAI,MAHARASHTRA,PPN
National Hospital And Iccu ( Mulund),"Vikas Paradise, 1st Floor, Lbs Road,,Bhakti Marg. Opp 
Balrejeshwar Mandir,,Mulund (W)NIL",MUMBAI,MAHARASHTRA,PPN
"Paramount General Hospital And I.C.C.U 
( Mumbai )","Laxmi Commercial Premises,,Sakinaka Junction,,Andheri 
(E)NIL",MUMBAI,MAHARASHTRA,PPN
Phoenix Hospital Pvt Ltd,"Cst No.374, B/21, Padma Nagar,,Chikuwadi,,Boriwali 
(W).NIL",MUMBAI,MAHARASHTRA,PPN
Powai Polyclinic And Hospital (Mumbai),"19/A ,,Opp. I.I.T Main Gate,Powai",Mumbai,MAHARASHTRA,PPN
Radha Krishna Hospital (Goregaon),"K 101-104,,Sate Llite Gardens, Phase-Ii,Film City 
Road,,Goregaon (E)NIL",MUMBAI,MAHARASHTRA,PPN
"Sai Hospital Dharavi ( Sai Medicure 
Services Pvt Ltd)","Masiha Islampura Chs Ltd. Behind Sion Hospital,,Near 
Dharavi Police Station, 90 Feet Road, Near Kamraj 
School,Dharavi",Mumbai,MAHARASHTRA,PPN
Seven Star Multispeciality Hospital,"Surbhi House, Behind Dimple Arcade,,Behind Sai Dham, 
Thakur Complex,,Kandivali",Mumbai,MAHARASHTRA,PPN
Shalyak Hospital,"S.K.Apartment, Buildging No. 2, 10 Dalvi Compound,,Caves 
Road, Near Jogeshwari Police Station,,Jogeshwari (E)NIL",MUMBAI,MAHARASHTRA,PPN
Shantiniketan Hospital(Ghatkopar),"E-Bldg Gr Fl Shantiniketan,L.B.S. Marg,Ghatkopar(W)NIL",MUMBAI,MAHARASHTRA,PPN
Shraddha Hospital (Dahisar),"A-1, A-2, B-2, Ranjan Ritika Apartments,,Near Dahisar 
Police Station, S.V. Road,,Dahisar (E)NIL",MUMBAI,MAHARASHTRA,PPN
Shree Ganesha Hospital,"Bina Apt, Tps Iii,,Vajira Naka, L. T. Road,,Borivali West,NIL",MUMBAI,MAHARASHTRA,PPN
Shreyas Hospital (Vasai Road),"Dream House , D-Wing, Sai Nagar Ambadi Road, Opp 
Gurudawra Vasai WestVasai ,Palghar",MUMBAI,MAHARASHTRA,PPN
"Sir HN Reliance Foundation Hospital and 
Research Centre","Raja Rammohan Roy Road, Prarthana Samaj, Girgaon",MUMBAI,MAHARASHTRA,PPN
"Smt.B.C.J General Hospitaland Asha 
Parekh Research Centre","Corner Of S.V. Road,,And Tilak Road,Santacruz(W )",Mumbai,MAHARASHTRA,PPN
"Srcc Children'S Hospital(A Unit Of 
Narayana Hrudayalaya Ltd)","1-1a, Haji Ali Park K. Khadey Marg,,Opposite Willingdon 
Sports Club,Mahalaxmi, Mumbai",Mumbai,MAHARASHTRA,PPN
Sun Hospital,"Excel House, Opp Sndt College,,Near Libetry Garden,Malad 
(W)NIL",MUMBAI,MAHARASHTRA,PPN
Surana Hospital And Research Center,"Tank Road, Next To Skywalk Tower,,Near Orlem 
Church,,Malad (W)NIL",MUMBAI,MAHARASHTRA,PPN
Theji Hospital,"B-103, 1st Floor, Aniraj Tower Chs Ltd,,Lbs Marg,,Bhandup 
(W)NIL",MUMBAI,MAHARASHTRA,PPN
Unnati Hospital And Icu,"J K Plaza, 1st Floor,Opp. Durgamata Mandir ,Shivaji 
Chowk,,Panvel",MUMBAI,MAHARASHTRA,PPN
Vardann Multispeciality Hospital,"Arch Gold Apartment,,S.V. Road. Poisar,,Kandivali 
(W)Kandivali",MUMBAI,MAHARASHTRA,PPN
Wockhardt Hospital (Mumbai),"1877, Dr.Anandrao Nair Road,,Mumbai Central,Mumbai 
CentralNIL",MUMBAI,MAHARASHTRA,PPN
Yashwant Hospital Vikhroli,"Tagore Nagar,Group No.8/B,,Near Old Tagore Nagar Post 
Office,Vikhroli(E)",Mumbai,MAHARASHTRA,PPN
Zynova Hospitals Pvt Ltd,"205, Trimurti Arcade,,L. B. S. Marg, Nr. Sarvoday 
Hospital,Ghatkopar(W)NIL",MUMBAI,MAHARASHTRA,PPN
Lifeline Medicare Hospital Pvt Ltd,"DLF Park, MTNL Signal ,S.V. Road, Goregaon WestGoregaon",MUMBAI,MAHARASHTRA,PPN
New Medanta Hospital,"Plot No. 04/A, Sector 1 Airoli, Navi MumbaiAiroli",MUMBAI,MAHARASHTRA,PPN
"Shanti Nursing Home And Multispeciality 
Hospital","1st Floor, New Blue Flame Apartment, Opp. Jama Masjid, 
Above Konoor Interor, Bandra (W) Mumbai - 400050nil",MUMBAI,MAHARASHTRA,PPN
Sainit Hospital,"36-47, Yashwant Plaza, 2nd Floor, Navapur Naka, 
BoisarPalghar",MUMBAI,MAHARASHTRA,NON PPN
Ojas Multispeciality Hospital,"Ravet Village Rd, Sector No. 32A, Sector 32 A, Nigdi, Pimpri-
Chinchwad, Maharashtra 411035Chinchwad",MUMBAI,MAHARASHTRA,NON PPN
KLS Memorial Hospital,Tanaji Malusare Road IRLA Vile Parle MumbaiMumbai,MUMBAI,MAHARASHTRA,NON PPN
Niramay Hospital,"Plot No 148, Vasudev Balwant Phadke Rd, MCCH Society, 
Panvel",MUMBAI,MAHARASHTRA,PPN
Pragati Multispeciality Hospital,"Sai Vaibhav Building 1st Floor, Ramkuvar Thakur Road, 
Dahisar",MUMBAI,MAHARASHTRA,PPN
Romeen Medico Surgical Hospital,"Opposite Muncipal School, Group No. 1, Ganesh Marg, 
Tagore Nagar Marg, Tagore Nagar, Vikhroli East, Mumbai, 
Maharashtra 400083nil",MUMBAI,MAHARASHTRA,PPN
Padmani Hospital & ICU,"RR Realty , First Floor, Tanlk road. LBS Marg,",MUMBAI,MAHARASHTRA,PPN
Lifeline Medicare Hospital,"1st Floor, Takur Complex, Above Saraswath Bank, Asha 
Nagar Road, Near Wellness Forver, Kandivali East,",MUMBAI,MAHARASHTRA,PPN
Balaji Hospital Ulwe,"Star Paradise, Ground Floor And First Floor Plot Number 84, 
Near Canara Bank, Sector 5, Ulwe, Navi Mumbai, 
Maharashtra ccUlwe",MUMBAI,MAHARASHTRA,PPN
"Dr Thakurs Ear -Nose Throat Clinic and 
Hospital","100A, RR Realty LBS Marg Bhandup West MumbaiMumbai",MUMBAI,MAHARASHTRA,PPN
V Care Hospital and ICU,"Rinisa Apartment Sai Baba Mandir Road, Nehru Nagar, Kurla 
East, Mumbai, Maharashtra 400024Mumbai",MUMBAI,MAHARASHTRA,PPN
Sai Kripa Hospital,"Ashish C.H.S. Rani Sati Road, Malad (East) MumbaiNear Sai 
Baba Temple",MUMBAI,MAHARASHTRA,PPN
Shubham Lifeline Multispeciality Hospital,"1st Floor, Makwana Complex, Veer Savarkar Marg, Virar 
East, Palghar - 401305 Palghar (Virar)",MUMBAI,MAHARASHTRA,PPN
Sparsh Childrens Hospital,"Krish Royale, building,1, to 3rd Floor 43, Acharya Donde 
Marg, Parel, MumbaiParel (Mumbai)",MUMBAI,MAHARASHTRA,PPN
Apex Multispeciality Hospitals,"Off Western Express Highway, Dattapada Road, Next to 
Susawat Restaurent , Borivali East - 400066Borivali",MUMBAI,MAHARASHTRA,PPN
Cuddles N Cure Children Hospital,"1st Floor, Jalaram Ashish Blud.DD Road, Opp Mukhi Raj 
Hospital- Mulund -400080Mulund",MUMBAI,MAHARASHTRA,PPN
Advanced Multispeciality Hospital,"CMPH Campus, Nattkar Gadkari Marg,, Opp Amar Juice 
Center-Vile Parelnil",MUMBAI,MAHARASHTRA,PPN
"Shushrusha Suman Ramesh Tulani 
Hospital","Plot No.356/A/2, Lt.Atamram Surve Marg, Vikhroili -Eastnil",MUMBAI,MAHARASHTRA,PPN
"Manisha Universal Multispeciality Hospital 2nd Floor, Manisha heights, Vaishali Nagar,Near Hp petrol",Pump,MUMBAI,MAHARASHTRA,PPN
Vedant Multispeciality Hospital,"1st floor, Safal Shopping center NNP, film city road, 
Goregaon east",MUMBAI,MAHARASHTRA,PPN
Apex Superspeciality Hospitals Pvt Ltd,"L T Road, Babhai Naka, Besides Babhai Fish Market, Borivali 
West,nil",MUMBAI,MAHARASHTRA,PPN
Vivanta Hospital,"JP Residency, Chincholl Bunder Rd., Malad (West) 
Mumbainil",MUMBAI,MAHARASHTRA,PPN
Nakshatra Multispeciality Hospital,"Grace Plaza, Opp. Hotel Goldfinch,Andheri(E)Opp. Arena 
House,MIDC Road No.12,",MUMBAI,MAHARASHTRA,PPN
Apollo Children Hospital,"Jay-Vijay Nagar, Opp Saraswat Bank, 100 ft link Road, 
Nalasopara ,Palghar,",MUMBAI,MAHARASHTRA,PPN
"Ashirwad Critical Care Unit and 
Multispeciality Hospital","Tilok heights , 1st and 2nd floor, Above kotak Mahindra 
Bank, L. T. Road Mulund East.nil",MUMBAI,MAHARASHTRA,PPN
Sailee Hospital and Diagnostic Centre,"Prathmesh Horizon, new M.H.B. colony new link road, Near 
Don Bosco School Borivali west.nil",MUMBAI,MAHARASHTRA,PPN
"Unnati Hospital And Bombay Spine 
Centre","13, OM TOWER, S V ROAD,Kandivali west",MUMBAI,MAHARASHTRA,PPN
Vinayak Hospital,"Doctor House, opp anchor parkvillage ,achole ,eastDistrict 
PalgharTaluka,NALASOPARA, Vasai,",MUMBAI,MAHARASHTRA,PPN
Asha Multispeciality Hospital,"Plot No. 10, Sector -16, Near D-Mart , Roadpali 
Kalamboli,Panvel",MUMBAI,MAHARASHTRA,PPN
Vardann Hospital,"Sonal Link Residency, Near Marve Junction, Malad West ,nil",MUMBAI,MAHARASHTRA,PPN
Lotus Mutispeciality Hospital,"Ground floor, Vinayak Apartment, M.G.Road, Opp Vaishali 
Bhuvan, Kandivali West,nil",MUMBAI,MAHARASHTRA,PPN
Care Hospital (Nagpur),"3, Farmland,Panchsheel Square,Nagpur",Nagpur,MAHARASHTRA,NON PPN
Alexis Multispeciality Hospital Pvt Ltd,"1313, Survey No.232,,Mankapur, Chhindwada 
Road,Mankapur Square",NAGPUR,MAHARASHTRA,NON PPN
New Era Hospital,"Central Avenue Road, Telephone Exchange Chowk,Queta 
Colony, Near Jalaram Mandir,Nagpur",NAGPUR,MAHARASHTRA,NON PPN
Suretech Hospital Research Centre Ltd,"13-A,Banerjee Marg ,Dhantoli,Opp.Ramdaspath Big 
Bazar,Next Hotel Sunny International,",NAGPUR,MAHARASHTRA,NON PPN
Venus Critical Care Hospital Nagpur,"Plot No 605 & 607, Keshav Complex, Kamptee Road,,10 No. 
Pulia, Kapmtee Road,Near gulati petrol pump",NAGPUR,MAHARASHTRA,NON PPN
Zenith Hospital,"Plot 141, Shivaji Nagar,,Behind Lane Karan,,Kothari 
Jewelers,",Nagpur,MAHARASHTRA,NON PPN
"Bhagwati ENT Hospital & Endoscopy 
Centre","27 MADHAV MAMA VIHAR, NEAR INDIRA SOLVENT, NEAR 
BYPASS ROAD FLYOVER, Nandurbar, Maharashtra 
42541227 MADHAV MAMA VIHAR, NEAR INDIRA SOLVENT,",NAGPUR,MAHARASHTRA,NON PPN
Cure It Hospital Pvt Ltd,"Dighore Square,Ring Road,NagpurNear Pathan Petrol Pump",NAGPUR,MAHARASHTRA,NON PPN
Center Point Hospital,"Medical Square,Near Govt Medical College,",NAGPUR,MAHARASHTRA,NON PPN
"Shri Ramdeobaba Rukhmini Devi 
Memorial Multi Specialty Hospital","Plot No 61-62, Opp Power Station Factory Area, Old 
Bhandara Road, Lakadgaji,",NAGPUR,MAHARASHTRA,NON PPN
Icon Hospital,"K-12, Bharat Nagar, Amravati Road,Opp. Ljt College",NAGPUR,MAHARASHTRA,NON PPN
Auro Critical Care Hospital,"Deshpande Layout, Vaishnavi Devi Chowk, CA Road,",NAGPUR,MAHARASHTRA,NON PPN
Sadguru Hospital,"Hari Krishna, 3rd and 4th Floor, opp. Panchuati Bus Depot, 
Old Aadgaon Naka, Panchuati, Nasik, Maharastra-
422003Nashik",NASIK,MAHARASHTRA,NON PPN
Vakratunda Hospital Pvt Ltd,"Raghukul Sankul, B/4 Bandhuraj Hotel, Pathardi Phatta,",NASIK,MAHARASHTRA,NON PPN
Pushkar Hospital,"mahalaxmi theatre touch, opp market yard 4, Dindori Rd, 
Panchavati, Nashik, Maharashtra 422003",NASIK,MAHARASHTRA,NON PPN
"SantKrupa Multi Speciality And Accident 
Hospital","Opp.Bhatiya College,, Lam Rd, Deolali, Maharashtra 
422501Nashik",NASIK,MAHARASHTRA,NON PPN
"Shushrusha Heart Care Centre And 
Speciality Hospital(Nerul)","PLOT NO-22-A, PHASE-III, SECTOR-6, PALM BEACH ROAD 
NERUL,Navi Mumbai",NAVI MUMBAI,MAHARASHTRA,PPN
Sanjivani Hospital (Airoli),"Rajkamal Building, 1st Floor,,Opp. Bus Depot, Sector - 
3,,AiroliAiorli",NAVI MUMBAI,MAHARASHTRA,PPN
Jeevan Jyot Hospital,"Shubh Avenue Bldg, Ground & 1st Floor,,Plot No-59-C, 
Sector-21, Khandeshwar Station Road,,Kamothe",Navi Mumbai,MAHARASHTRA,NON PPN
"Terna Speciality Hospital And Research 
Centre","Plot No. 12, Sector -22, Opp.,Nerul Railway Station , Phase 
2 , Nerul,Nerul (W)NIL",Navi Mumbai,MAHARASHTRA,PPN
Satyam Multi Speciality Hospital,"Opp.Fire Station F-5 Building,Sector 3 E/B 
Kalamboli,Kalamboli",Navi Mumbai,MAHARASHTRA,PPN
Navjeevan Hospital (Vashi),"Archana Jyoti,,1st Floor, Plot No. 18,,Sector 17, D.B.C. 
,Vashi",NAVI MUMBAI,MAHARASHTRA,PPN
Fortis Hiranandani Hospital,"Sector -10 A,Mini Sea Shore Road,VashiVashi",NAVI MUMBAI,MAHARASHTRA,PPN
Panacea Hospital,"Plot No- 105 & 106, Sector-08, New PanvelNavi Mumbai",NAVI MUMBAI,MAHARASHTRA,PPN
Niramaya Hospital,"Plot No. 05 A, Sector 4, Next to Bal Bharati SchoolKharghar",NAVI MUMBAI,MAHARASHTRA,PPN
Dr Jadhav Hospital,"Row House V -124/125, Sec-4, Airoli, Near Durga Mata 
Mandir, Navi MumbaiNavi Mumbai",NAVI MUMBAI,MAHARASHTRA,PPN
Apex Multispeciality Hospital Taloja,"1St FLOOR, KRISHNA ARCADE, PLOT NO.3 SECTOR-11, 
PANCHANAND, TALOJA. PHASE-1PANVEL",NAVI MUMBAI,MAHARASHTRA,PPN
Sunshine Hospital,"Plot No-3 Opp Sea Breeze Socity Nerul Navi MumbaiNavi 
Mumbai",NAVI MUMBAI,MAHARASHTRA,PPN
Apple Hospital,"Shree Gurudatta Complex,Co-Op Hsg.Soc.Ltd,,Plot 
No.44/45/46, Sec-8a,,AiroliNIL",NAVI MUMBAI,MAHARASHTRA,PPN
Avadhoot Hospital And Iccu,"Plot No. 29,,Near Nhp School, Sector - 19,,Airoli",Navi Mumbai,MAHARASHTRA,PPN
"B And J Superspeciality Hospital And 
Research Center","Mhalsa Resedency,Plot No 6, Sector 36,Above State Bank Of 
India,Kamothe,NIL",NAVI MUMBAI,MAHARASHTRA,PPN
Carepoint Hospital,"Plot No 45, Sector No 29,,Dronagiri Node, 
Bokadvira,,Uran,NIL",NAVI MUMBAI,MAHARASHTRA,PPN
Dhanvantari Hospital (Ulhasnagar),"Lal Chakki Chowk,Station Road,,UlhasnagarThane",NAVI MUMBAI,MAHARASHTRA,PPN
Dr RN Patils Suraj Hospital (Sanpada),"Opp. Palm Beach Marg, Sector - 15,,Plot No. 1 & 1a, Sun 
Palm View Bldg,,SanpadaSanpada",NAVI MUMBAI,MAHARASHTRA,PPN
Dr Ajayan Multispeciality Hospital,"Plot. No. 06, Sector 09,,R G Naik School Ground,,Kopar 
Khairane",NAVI MUMBAI,MAHARASHTRA,PPN
"Dr. Yewale Multispeciality Hospital For 
Children","Plot 6b, Sector 9,,,Vashi,",Navi Mumbai,MAHARASHTRA,PPN
"Dr.Choudhary Stone Clinic & 
Multispeciality Hospital & ICU","Rainbow Society F-7/B-2/C-1,Sector-10 Vasi Navi,Navi 
Mumbai",NAVI MUMBAI,MAHARASHTRA,PPN
"Dr.Singh'S City Hospital And Medical 
Research Centre Pvt Ltd","Plot No. 32, Sec-4, Kalamboli, Navi Mumbai,Near Kamothe 
Bus Stop, Sion-Panvel Highway,Kalamboli",Navi Mumbai,MAHARASHTRA,PPN
Guruprem Hospital,"Plot No. U-, Sector - 4, Bheihnd Shridhar Hospital ,,Near 
Navratari Prasad Hotel,,Airoli",Navi Mumbai,MAHARASHTRA,NON PPN
Indravati Hospitaland Research Centre,"Sector - 3, Behind Bus Depot,Opp. Railway Station,Airoli",Navi Mumbai,MAHARASHTRA,PPN
Jeevan Jyoti Multispecialty Hospital,"Near Axis ATM, Chindhran Raod, Devichapada, Behind 
Deepak Nitrates LTD. Taloja, Navimumbai, raigadPanvel ,",NAVI MUMBAI,MAHARASHTRA,PPN
Lions Service Centre Hospital,"Plot Number 101, Sector 7,,Koparkhairane,,",Navi Mumbai,MAHARASHTRA,PPN
Mauli Accident And General Hospital,"Neelkhanth Height, Plot 104 A, 1st Floor,,Sector -14, 
Kamothe Navi Mumbai,KamotheNIL",NAVI MUMBAI,MAHARASHTRA,PPN
Mody Hospital And I.C.C.U ( Airoli ),"Plot No.1, 2&3, Station Road,,Sector 2, Near Priyanka 
Hotel,,AiroliNIL",NAVI MUMBAI,MAHARASHTRA,NON PPN
New Milliennium Multispeciality Hospital,"Plot No 17.C ,,Sector -5,,SanpadaNIL",NAVI MUMBAI,MAHARASHTRA,PPN
Neway Hospital,"Plot No 34,Sector 6,,Near Ryan International Cbse 
School,Sanpada,,Navi Mumbai",Navi Mumbai,MAHARASHTRA,PPN
Orchid Multispeciality Hospital,"1st Floor, B-Wing, Silver Star Society, Shop No.03/4/5,,Plot 
No.63/64, Sector-18,,Kamotheopp. Gokul Dairy,kamothe",NAVI MUMBAI,MAHARASHTRA,PPN
"Pkc Hospital And Medical Research 
Centre.","Plot No 57, Sector 15-A,Vashi,Vashi",Navi Mumbai,MAHARASHTRA,PPN
Rajpal Hospital And Institute,"Plot No. 13 Sector 10,,,Koparkhairne",Navi Mumbai,MAHARASHTRA,PPN
Shree Sai Multispeciality Hospital,"B101,A103, 104 Plot No 3a,First Floor,Sinhgad Society,Near 
Axis Bank,KamotheNIL",NAVI MUMBAI,MAHARASHTRA,PPN
Sunrise Multispeciality Hospital,"Shop No. 12 & 13, Office 1 & 2,,Shivakalpataru Aracade, 
Bldg No 01, Plot No 01,Sect 17, Kamothe,NIL",NAVI MUMBAI,MAHARASHTRA,PPN
Suyash Hospital(Navi Mumbai),"51  Ugam Complex,,Sec- 40, Seawoods (W),,Seawoods 
(W),NIL",NAVI MUMBAI,MAHARASHTRA,PPN
Vedaant Multispeciality Hospital,"1st Floor, Natasha Tower,Plot No.84, Sector-17,,Opp. Nmmc 
Hospital,,Koparkhairane",Navi Mumbai,MAHARASHTRA,PPN
Yashoda Maternity And General Hospital,"1st Floor, Satyam Arcade,,Plot No.26, Sec-21,,Kamothe,",Navi Mumbai,MAHARASHTRA,PPN
Sai Jyot Multispeciality Hospital,"Sidheshwar CHS Sectore -2, Plot No-105, Near Varishtta 
HotelNavi Mumbai",NAVI MUMBAI,MAHARASHTRA,PPN
Tej Vedaant Hospitals,"Plot No. 84, Natashaa Towers, Near NMNC Hospital, Sector 
17, Kopar Khairane, Navi Mumbai, Maharashtra 400709Navi 
mumbai",NAVI MUMBAI,MAHARASHTRA,PPN
Siddharth Hospital,"101-104 first floor Q wing Rashmi Pink City Phase-1, Above 
Bank of Maharashtra, Beside Don Bosco School Naigaon 
East. Post JuchandraNaigaon East",NAVI MUMBAI,MAHARASHTRA,PPN
Purnima Hospital,"Daulat Nagar, Road No.8, Borivali East -400066Borivali",NAVI MUMBAI,MAHARASHTRA,PPN
Acharya Shri Nanesh Hospital,"Plot NO.34-37, Sector 8-A, Artist Village, CBD Belapur, Navi 
Mumbainil",NAVI MUMBAI,MAHARASHTRA,PPN
Swami Krupa Hospital,"Plot No.159, Sector 14, Kamothe, Navi Mumbainil",NAVI MUMBAI,MAHARASHTRA,PPN
New Bombay Hospital,"First floor-B-Wing, Mahavir Plaza, Sector 19, Near Gaidevi 
Maidan, Airolinil",NAVI MUMBAI,MAHARASHTRA,PPN
Sadguru Hospital(Ghansoli),"Plot no 170, sector 25 ghansoli, Talawali Noad Ghansoli,nil",NAVI MUMBAI,MAHARASHTRA,PPN
Sai Snehdeep Hospital,"Plot No.12/13, Sector-20, Kopar Khairane,Koiprkhairane,",NAVI MUMBAI,MAHARASHTRA,PPN
Panvel Hospital,"101 Riddhi, Siddhi Plaza, Uran Naka,nil",NAVI MUMBAI,MAHARASHTRA,PPN
Shree Hospital (Pune),"SIDDHARTH MANSION OPP.AGAKHAN PALACE NAGAR 
ROAD PUNENIL",PUNE,MAHARASHTRA,PPN
Aditya Birla Memorial Hospital,"Sr No 31, Aditya Birla Hospital Marg,,Po: 
Chinchwad,PuneNIL",PUNE,MAHARASHTRA,PPN
Sangamnerkar Hospitals,"No. 45A/1B, 45B/1A/1/2/2, Vadgaonsheri,",PUNE,MAHARASHTRA,PPN
Karne Hospital Pvt Ltd,"KRISHNA CHAMBERS,NEAR LAXMINARAYAN THEATRE, 
STARA ROADPune",PUNE,MAHARASHTRA,PPN
Sanjeevani Nursing Hospital,"Gadital, SHOLAPUR ROAD,GADITAL,HADAPSARNIL",PUNE,MAHARASHTRA,PPN
Amrut Hospital,"613-614, Sonkar Building, Behind Nav Maharashtra 
Vidyalaya, Pimpri-Waghere, Pune-411017Pune",PUNE,MAHARASHTRA,PPN
Lifeline Hospital,"Near Shreyash Garden, Kesnand Phata, Wagholi Pune-
Nagar RoadPune",PUNE,MAHARASHTRA,PPN
Omkar Accident Hospital,"Pune-Nasik Highway, Talegaon Chowk, Chakan, Taluka  
Khed, Pune Maharashtra 410501Pune",PUNE,MAHARASHTRA,PPN
"Sai Sneh Hospital And Diagnostic Centre 
Pvt Ltd","Pune-Satara Highway,,Near Pmt Bus Depot, Opp Octroi 
Office,,KatrajNIL",Pune,MAHARASHTRA,NON PPN
Saidham Hospital,"SAIDHAM BUILDING, LANDEWADI ROAD,NEAR 
LANDEWADI CHOWK,BHOSARI,TAL.HAVELI.DIST. PUNENIL",PUNE,MAHARASHTRA,PPN
Sahyadri Hospital (Bibwewadi),"Plot#13, S.No 573, City#281,,Swami Vivekanand Marg, 
Near Suhag Mangal Karyalay,,BibwewadiNIL",PUNE,MAHARASHTRA,PPN
Goldrush Hospital,"ByPass Road, Near Reliance Mart, Kharadi, Pune, 
Maharastra-411014nil",PUNE,MAHARASHTRA,PPN
Columbia Asia Hospital,"Survey Number 22, Hissa Number 2A, Kharadi Village, Pune 
East, Maharashtra - 411014 Pune East",PUNE,MAHARASHTRA,NON PPN
Kohakade Hospital,"Pune Nagar Highway, Chandan Nagar, Kharadi, PunePune",PUNE,MAHARASHTRA,PPN
Pioneer Hospital,"Diamound Commercial Complex, Somatane Phata Tuluka, 
Maval, Dist, PunePune",PUNE,MAHARASHTRA,PPN
Max Neuro Hospital Pvt Ltd,"Opp Alfa Laval Companey Old Mumbai- Pune Highway, 
KasarwadiPune",PUNE,MAHARASHTRA,PPN
Bharati Hospital And Research Centre,"Katraj- Dhankawadi, Pune Pune",PUNE,MAHARASHTRA,PPN
"Dr Makan Surgical Maternity and 
Accident Hospital","Ganganagar, Old Sangavi, PunePune",PUNE,MAHARASHTRA,PPN
Om Hospital Pune,"394/A, Anjali Apartment Vetalbaba Chowk,Shivaji Nagar, 
PunePune",PUNE,MAHARASHTRA,PPN
Samarth Hospital,"Shanti City Center, Talegaon Station Rd, Rajgurav Colony, 
Talegaon Dabhade, Maharashtra 410506Pune",PUNE,MAHARASHTRA,PPN
Rising Medicare Hospital,"Survey No 4, Hissa No 1,Kharadi Bypass , Kharadi , Pune- 
411014 Pune City , MaharashtraPune",PUNE,MAHARASHTRA,PPN
"Dr Madrewars Chest And General 
Hospital","Shubh Complex, Nr BOM Bank, Indrayani Nagar, 
BhosariPune",PUNE,MAHARASHTRA,PPN
Pataskar Hospital,"C-wing, Jay Ganesh Samrajya, Nr Panzarpol, Pune-Nashik 
Highway, BhosariPune",PUNE,MAHARASHTRA,PPN
Aims Hospital And Research Center,"Sr No 154 , Near Marutrao Gaikwad Garden,Parihar Chowk, 
Opp. Kumar Classic,,AundhPune",PUNE,MAHARASHTRA,PPN
Aadhar Hospital Multispeciality And Icu,"Old Pune  Mumbai Highway, Dehuroad,,",Pune,MAHARASHTRA,PPN
Aarogyam Multispeciality Hospital,"Talegaon Chakan Road, Kharabwadi Chakan Tal Khed, 
Pune,Khed,KhedNIL",PUNE,MAHARASHTRA,PPN
