,#,Code,District,Headquarters,Population,Area,Density
0,1,AM,Ambala,Ambala,1136784.0,1569.0,722.0
1,2,BH,Bhiwani,Bhiwani,1629109.0,5140.0,341.0
2,3,CD,Charkhi Dadri,Charkhi Dadri,502276.0,1370.0,367.0
3,4,HR,Faridabad,Faridabad,1798954.0,783.0,2298.0
4,5,FT,Fatehabad,Fatehabad,941522.0,2538.0,371.0
5,6,GU,Gurugram,Gurugram,1514085.0,1258.0,1241.0
6,7,HI,Hisar,Hisar,1742815.0,3788.0,438.0
7,8,JH,Jhajjar,Jhajjar,956907.0,1868.0,522.0
8,9,JI,Jind,Jind,1332042.0,2702.0,493.0
9,10,KT,Kaithal,Kaithal,1072861.0,2799.0,467.0
10,11,KR,Karnal,Karnal,1506323.0,2471.0,598.0
11,12,KU,Kurukshetra,Kurukshetra,964231.0,1530.0,630.0
12,13,MA,Mahendragarh,Narnaul,921680.0,1900.0,485.0
13,14,MW,Nuh,Nuh,1089406.0,1765.0,729.0
14,15,PW,Palwal,Palwal,1040493.0,1367.0,761.0
15,16,PK,Panchkula,Panchkula,558890.0,816.0,622.0
16,17,PP,Panipat,Panipat,1202811.0,1250.0,949.0
17,18,RE,Rewari,Rewari,896129.0,1559.0,562.0
18,19,RO,Rohtak,Rohtak,1058683.0,1668.0,607.0
19,20,SI,Sirsa,Sirsa,1295114.0,4276.0,303.0
20,21,SNP,Sonipat,Sonipat,1480080.0,2260.0,697.0
21,22,YN,Yamunanagar,Yamunanagar,1214162.0,1756.0,687.0
22,1,BI,Bilaspur,Bilaspur,382056.0,1167.0,327.0
23,2,CH,Chamba,Chamba,518844.0,6528.0,80.0
24,3,HA,Hamirpur,Hamirpur,454293.0,1118.0,406.0
25,4,KA,Kangra,Dharamshala,1507223.0,5739.0,263.0
26,5,KI,Kinnaur,Reckong Peo,84298.0,6401.0,13.0
27,6,KU,Kullu,Kullu,437474.0,5503.0,79.0
28,7,LH,Lahaul and Spiti,Keylong,18528.0,7835.0,2.3
29,8,MA,Mandi,Mandi,999518.0,3950.0,253.0
30,9,SH,Shimla,Shimla,813384.0,5131.0,159.0
31,10,SI,Sirmaur,Nahan,530164.0,2825.0,188.0
32,11,SO,Solan,Solan,576670.0,1936.0,298.0
33,12,UN,Una,Una,521057.0,1540.0,328.0
34,1,BO,Bokaro,Bokaro,2061918.0,2883.0,716.0
35,2,CH,Chatra,Chatra,1042304.0,3700.0,275.0
36,3,DE,Deoghar,Deoghar,1491879.0,2479.0,602.0
37,4,DH,Dhanbad,Dhanbad,2682662.0,2040.0,1316.0
38,5,DU,Dumka,Dumka,1321096.0,4404.0,300.0
39,6,ES,East Singhbhum,Jamshedpur,2291032.0,3562.0,648.0
40,7,GA,Garhwa,Garhwa,1322387.0,4064.0,327.0
41,8,GI,Giridih,Giridih,2445203.0,4887.0,497.0
42,9,GO,Godda,Godda,1311382.0,2110.0,622.0
43,10,GU,Gumla,Gumla,1025656.0,5360.0,191.0
44,11,HA,Hazaribag,Hazaribag,1734495.0,3555.0,488.0
45,12,JA,Jamtara,Jamtara,790207.0,1802.0,439.0
46,13,KH,Khunti,Khunti,530299.0,2535.0,210.0
47,14,KO,Koderma,Koderma,716259.0,2540.0,282.0
48,15,LA,Latehar,Latehar,725673.0,3630.0,200.0
49,16,LO,Lohardaga,Lohardaga,461738.0,1502.0,307.0
50,17,PK,Pakur,Pakur,899200.0,1805.0,498.0
51,18,PL,Palamu,Daltonganj,1936319.0,4393.0,442.0
52,19,RM,Ramgarh,Ramgarh,949159.0,1341.0,708.0
53,20,RA,Ranchi,Ranchi,2912022.0,5097.0,572.0
54,21,SA,Sahibganj,Sahebganj,1150038.0,2063.0,558.0
55,22,SK,Seraikela-Kharsawan,Seraikela,1063458.0,2657.0,401.0
56,23,SI,Simdega,Simdega,599813.0,3750.0,160.0
57,24,WS,West Singhbhum,Chaibasa,1501619.0,7224.0,209.0
58,1,BK,Bagalkot,Bagalkote,1890826.0,6583.0,288.0
59,2,BL,Ballari,Ballari,1400970.0,4252.0,330.0
60,3,BG,Belagavi,Belgaum,4778439.0,13415.0,356.0
61,4,BR,Bangalore Rural,Bangalore,987257.0,2239.0,441.0
62,5,BN,Bangalore Urban,Bangalore,9588910.0,2190.0,4378.0
63,6,BD,Bidar,Bidar,1700018.0,5448.0,312.0
64,7,CJ,Chamarajanagar,Chamarajanagar,1020962.0,5102.0,200.0
65,8,CK,Chikkaballapur,Chikkaballapur,1254377.0,4208.0,298.0
66,9,CK,Chikmagalur,Chikmagalur,1137753.0,7201.0,158.0
67,10,CT,Chitradurga,Chitradurga,1660378.0,8437.0,197.0
68,11,DK,Dakshina Kannada,Mangalore,2083625.0,4559.0,457.0
69,12,DA,Davanagere,Davangere,1643494.0,4460.0,370.0
70,13,DH,Dharwad,Dharwad,1846993.0,4265.0,434.0
71,14,GA,Gadaga,Gadag-Betageri,1065235.0,4651.0,229.0
72,15,GU,Kalaburagi,Kalaburagi,2564892.0,10990.0,233.0
73,16,HS,Hassan,Hassan,1776221.0,6814.0,261.0
74,17,HV,Haveri,Haveri,1598506.0,4825.0,331.0
75,18,KD,Kodagu,Madikeri,554762.0,4102.0,135.0
76,19,KL,Kolar,Kolar,1540231.0,4012.0,384.0
77,20,KP,Koppal,Koppal,1391292.0,5565.0,250.0
78,21,MA,Mandya,Mandya,1808680.0,4961.0,365.0
79,22,MY,Mysore,Mysore,2994744.0,6854.0,437.0
80,23,RA,Raichur,Raichur,1924773.0,6839.0,228.0
81,24,RM,Ramanagara,Ramanagara,1082739.0,3573.0,303.0
82,25,SH,Shimoga,Shimoga,1755512.0,8495.0,207.0
83,26,TU,Tumakuru,Tumakuru,2681449.0,10598.0,253.0
84,27,UD,Udupi,Udupi,1177908.0,3879.0,304.0
85,28,UK,Uttara Kannada,Karwar,1353299.0,10291.0,132.0
86,29,,Vijayanagara,Hospete,1353628.0,5644.0,240.0
87,30,BJ,Bijapur,Bijapur,2175102.0,10517.0,207.0
88,31,YG,Yadgir,Yadgir,1172985.0,5225.0,224.0
89,1,AL,Alappuzha,Alappuzha,2121943.0,1415.0,1501.0
90,2,ER,Ernakulam,Kakkanad,3279860.0,3063.0,1069.0
91,3,ID,Idukki,Painavu,1107453.0,4356.0,254.0
92,4,KN,Kannur,Kannur,2525637.0,2961.0,852.0
93,5,KS,Kasaragod,Kasaragod,1302600.0,1989.0,654.0
94,6,KL,Kollam,Kollam,2629703.0,2483.0,1056.0
95,7,KT,Kottayam,Kottayam,1979384.0,2206.0,896.0
96,8,KZ,Kozhikode,Kozhikode,3089543.0,2345.0,1318.0
97,9,MA,Malappuram,Malappuram,4110956.0,3554.0,1058.0
98,10,PL,Palakkad,Palakkad,2810892.0,4482.0,627.0
99,11,PT,Pathanamthitta,Pathanamthitta,1195537.0,2652.0,453.0
100,13,TV,Thiruvananthapuram,Thiruvananthapuram,3307284.0,2189.0,1509.0
101,12,TS,Thrissur,Thrissur,3110327.0,3027.0,1026.0
102,14,WA,Wayanad,Kalpetta,816558.0,2130.0,383.0
103,1,AG,Agar Malwa,Agar,571275.0,2785.0,205.0
104,2,AL,Alirajpur,Alirajpur,728677.0,3182.0,229.0
105,3,AP,Anuppur,Anuppur,749521.0,3747.0,200.0
106,4,AS,Ashoknagar,Ashoknagar,844979.0,4674.0,181.0
107,5,BL,Balaghat,Balaghat,1701156.0,9229.0,184.0
108,6,BR,Barwani,Barwani,1385659.0,5432.0,256.0
109,7,BE,Betul,Betul,1575247.0,10043.0,157.0
110,8,BD,Bhind,Bhind,1703562.0,4459.0,382.0
111,9,BP,Bhopal,Bhopal,2368145.0,2772.0,854.0
112,10,BU,Burhanpur,Burhanpur,756993.0,3427.0,221.0
113,11,CT,Chhatarpur,Chhatarpur,1762857.0,8687.0,203.0
114,12,CN,Chhindwara,Chhindwara,2090306.0,11815.0,177.0
115,13,DM,Damoh,Damoh,1263703.0,7306.0,173.0
116,14,DT,Datia,Datia,786375.0,2694.0,292.0
117,15,DE,Dewas,Dewas,1563107.0,7020.0,223.0
118,16,DH,Dhar,Dhar,2184672.0,8153.0,268.0
119,17,DI,Dindori,Dindori,704218.0,7427.0,94.0
120,18,GU,Guna,Guna,1240938.0,6485.0,194.0
121,19,GW,Gwalior,Gwalior,2030543.0,5465.0,445.0
122,20,HA,Harda,Harda,570302.0,3339.0,171.0
123,21,,Hoshangabad,Hoshangabad,1240975.0,6698.0,185.0
124,22,IN,Indore,Indore,3272335.0,3898.0,839.0
125,23,JA,Jabalpur,Jabalpur,2460714.0,5210.0,472.0
126,24,JH,Jhabua,Jhabua,1024091.0,6782.0,285.0
127,25,KA,Katni,Katni,1291684.0,4947.0,261.0
128,26,EN,Khandwa,Khandwa,1309443.0,7349.0,178.0
129,27,WN,Khargone,Khargone,1872413.0,8010.0,233.0
130,28,MH,Maihar,Maihar,,,
131,29,ML,Mandla,Mandla,1053522.0,5805.0,182.0
132,30,MS,Mandsaur,Mandsaur,1339832.0,5530.0,242.0
133,31,MG,Mauganj,Mauganj,,,
134,32,MO,Morena,Morena,1965137.0,4991.0,394.0
135,33,,Narsinghpur,Narsinghpur,1092141.0,5133.0,213.0
136,34,NE,Neemuch,Neemuch,825958.0,4267.0,194.0
137,35,–,Niwari,Niwari,404807.0,1170.0,345.0
138,36,PA,Panna,Panna,1016028.0,7135.0,142.0
139,37,PD,Pandhurna,Pandhurna,,,
140,38,RS,Raisen,Raisen,1331699.0,8466.0,157.0
141,39,RG,Rajgarh,Rajgarh,1546541.0,6143.0,251.0
142,40,RL,Ratlam,Ratlam,1454483.0,4861.0,299.0
143,41,RE,Rewa,Rewa,2363744.0,6314.0,374.0
144,42,SG,Sagar,Sagar,2378295.0,10252.0,272.0
145,43,ST,Satna,Satna,2228619.0,7502.0,297.0
146,44,SR,Sehore,Sehore,1311008.0,6578.0,199.0
147,45,SO,Seoni,Seoni,1378876.0,8758.0,157.0
148,46,SH,Shahdol,Shahdol,1064989.0,6205.0,172.0
149,47,SJ,Shajapur,Shajapur,1512353.0,6196.0,244.0
150,48,SP,Sheopur,Sheopur,687952.0,6585.0,104.0
151,49,SV,Shivpuri,Shivpuri,1725818.0,10290.0,168.0
152,50,SI,Sidhi,Sidhi,1126515.0,10520.0,232.0
153,51,SN,Singrauli,Waidhan,1178132.0,5672.0,208.0
154,52,TI,Tikamgarh,Tikamgarh,1444920.0,5055.0,286.0
155,53,UJ,Ujjain,Ujjain,1986864.0,6091.0,356.0
156,54,UM,Umaria,Umaria,643579.0,4062.0,158.0
157,55,VI,Vidisha,Vidisha,1458212.0,7362.0,198.0
158,1,AH,Ahmednagar,Ahmednagar,4543083.0,17048.0,266.0
159,2,AK,Akola,Akola,1818617.0,5429.0,321.0
160,3,AM,Amravati,Amravati,2887826.0,12235.0,237.0
161,4,AU,Aurangabad,Aurangabad,3695928.0,10107.0,365.0
162,5,BI,Beed,Beed,2585962.0,10693.0,242.0
163,6,BH,Bhandara,Bhandara,1198810.0,3890.0,293.0
164,7,BU,Buldhana,Buldhana,2588039.0,9661.0,268.0
165,8,CH,Chandrapur,Chandrapur,2194262.0,11443.0,192.0
166,9,OS,Osmanabad,Osmanabad,1660311.0,7569.0,219.0
167,10,DH,Dhule,Dhule,2048781.0,8095.0,285.0
168,11,GA,Gadchiroli,Gadchiroli,1071795.0,14412.0,74.0
169,12,GO,Gondia,Gondia,1322331.0,5431.0,253.0
170,13,HI,Hingoli,Hingoli,1178973.0,4526.0,244.0
171,14,JG,Jalgaon,Jalgaon,4224442.0,11765.0,359.0
172,15,JN,Jalna,Jalna,1958483.0,7718.0,255.0
173,16,KO,Kolhapur,Kolhapur,3874015.0,7685.0,504.0
174,17,LA,Latur,Latur,2455543.0,7157.0,343.0
175,18,MC,Mumbai City,Mumbai,3145966.0,157.0,20036.0
176,19,MU,Mumbai Suburban,Bandra (East),9332481.0,446.0,21000.0
177,20,ND,Nanded,Nanded,3356566.0,10528.0,319.0
178,21,NB,Nandurbar,Nandurbar,1646177.0,5055.0,276.0
179,22,NG,Nagpur,Nagpur,4653171.0,9892.0,470.0
180,23,NS,Nashik,Nashik,6109052.0,15539.0,393.0
181,24,PL,Palghar,Palghar,2990116.0,5344.0,560.0
182,25,PA,Parbhani,Parbhani,1835982.0,6511.0,295.0
183,26,PU,Pune,Pune,9426959.0,15643.0,603.0
184,27,RG,Raigad,Alibag,2635394.0,7152.0,368.0
185,28,RT,Ratnagiri,Ratnagiri,1612672.0,8208.0,196.0
186,29,SN,Sangli,Sangli,2820575.0,8572.0,329.0
187,30,ST,Satara,Satara,3003922.0,10475.0,287.0
188,31,SI,Sindhudurg,Oros,848868.0,5207.0,163.0
189,32,SO,Solapur,Solapur,4315527.0,14895.0,290.0
190,33,TH,Thane,Thane,8070032.0,4214.0,1915.0
191,34,WR,Wardha,Wardha,1296157.0,6309.0,205.0
192,35,WS,Washim,Washim,1196714.0,5155.0,244.0
193,36,YA,Yavatmal,Yavatmal,2775457.0,13582.0,204.0
194,1,BPR,Bishnupur,Bishnupur,240363.0,496.0,415.0
195,2,CDL,Chandel,Chandel,144028.0,3317.0,37.0
196,3,CCpr,Churachandpur,Churachandpur,271274.0,4574.0,50.0
197,4,IE,Imphal East,Porompat,452661.0,710.0,555.0
198,5,IW,Imphal West,Lamphelpat,514683.0,519.0,847.0
199,6,JBM,Jiribam,Jiribam,43818.0,232.0,190.0
200,7,KAK,Kakching,Kakching,135481.0,190.0,710.0
201,8,KJ,Kamjong,Kamjong,45616.0,2000.0,23.0
202,9,KPI,Kangpokpi,Kangpokpi,193744.0,1698.0,110.0
203,10,NL,Noney,Noney (Longmai),,,
204,11,PZ,Pherzawl,Pherzawl,47250.0,2285.0,21.0
205,12,SE,Senapati,Senapati,354772.0,3269.0,116.0
206,13,TML,Tamenglong,Tamenglong,140143.0,4391.0,25.0
207,14,TNL,Tengnoupal,Tengnoupal,59110.0,1213.0,49.0
208,15,TBL,Thoubal,Thoubal,420517.0,514.0,713.0
209,16,UKR,Ukhrul,Ukhrul,183115.0,4547.0,31.0
210,1,EG,East Garo Hills,Williamnagar,317618.0,2603.0,121.0
211,2,EK,East Khasi Hills,Shillong,824059.0,2752.0,292.0
212,3,–,East Jaintia Hills,Khliehriat,122436.0,2115.0,58.0
213,4,–,Eastern West Khasi Hills,Mairang,131451.0,1356.0,97.0
214,5,–,North Garo Hills,Resubelpara,118325.0,1113.0,106.0
215,6,RB,Ri Bhoi,Nongpoh,258380.0,2378.0,109.0
216,7,SG,South Garo Hills,Baghmara,142574.0,1850.0,77.0
217,8,–,South West Garo Hills,Ampati,172495.0,822.0,210.0
218,9,–,South West Khasi Hills,Mawkyrwat,110152.0,1341.0,82.0
219,10,WG,West Garo Hills,Tura,642923.0,3714.0,173.0
220,11,WJ,West Jaintia Hills,Jowai,270352.0,1693.0,160.0
221,12,WK,West Khasi Hills,Nongstoin,385601.0,5247.0,73.0
222,1,AI,Aizawl,Aizawl,404054.0,3577.0,113.0
223,2,CH,Champhai,Champhai,125370.0,3168.0,39.0
224,3,-,Hnahthial,Hnahthial,28468.0,,
225,4,-,Khawzawl,Khawzawl,,,
226,5,KO,Kolasib,Kolasib,83054.0,1386.0,60.0
227,6,LA,Lawngtlai,Lawngtlai,117444.0,2519.0,46.0
228,7,LU,Lunglei,Lunglei,154094.0,4572.0,34.0
229,8,MA,Mamit,Mamit,85757.0,2967.0,28.0
230,9,SA,Saiha,Saiha,56366.0,1414.0,40.0
231,10,-,Saitual,Saitual,,,
232,11,SE,Serchhip,Serchhip,64875.0,1424.0,46.0
233,1,–,Chümoukedima,Chümoukedima,125400.0,570.0,220.0
234,2,DI,Dimapur,Dimapur,379769.0,926.0,410.0
235,3,KI,Kiphire,Kiphire,74033.0,1255.0,66.0
236,4,KO,Kohima,Kohima,270063.0,1041.0,213.0
237,5,LO,Longleng,Longleng,50593.0,885.0,89.0
238,6,MK,Mokokchung,Mokokchung,193171.0,1615.0,120.0
239,7,MN,Mon,Mon,259604.0,1786.0,145.0
240,8,–,Niuland,Niuland,42287.0,483.63,87.0
241,9,–,Noklak,Noklak,59300.0,1152.0,51.0
242,10,PE,Peren,Peren,163294.0,2300.0,55.0
243,11,PH,Phek,Phek,163294.0,2026.0,81.0
244,12,–,Shamator,Shamator,34223.0,469.0,73.0
245,13,–,Tseminyü,Tseminyü,63629.0,256.0,249.0
246,14,TU,Tuensang,Tuensang,414801.0,4228.0,98.0
247,15,WO,Wokha,Wokha,166239.0,1628.0,120.0
248,16,ZU,Zunheboto,Zunheboto,141014.0,1255.0,112.0
249,1,AN,Angul,Angul,1271703.0,6232.0,199.0
250,2,BD,Boudh,Boudh,439917.0,3098.0,142.0
251,3,BH,Bhadrak,Bhadrak,1506522.0,2505.0,601.0
252,4,BL,Balangir,Balangir,1648574.0,6575.0,251.0
253,5,BR,Bargarh,Bargarh,1478833.0,5837.0,253.0
254,6,BW,Balasore,Balasore,2317419.0,3634.0,609.0
255,7,CU,Cuttack,Cuttack,2618708.0,3932.0,666.0
256,8,DE,Debagarh,Debagarh,312164.0,2781.0,106.0
257,9,DH,Dhenkanal,Dhenkanal,1192948.0,4452.0,268.0
258,10,GN,Ganjam,Chhatrapur,3529031.0,8206.0,430.0
259,11,GP,Gajapati,Paralakhemundi,575880.0,3850.0,133.0
260,12,JH,Jharsuguda,Jharsuguda,579499.0,2081.0,274.0
261,13,JP,Jajpur,Jajpur,1826275.0,2888.0,630.0
262,14,JS,Jagatsinghpur,Jagatsinghpur,1136604.0,1759.0,681.0
263,15,KH,Khordha,Khordha,2251673.0,2813.0,800.0
264,16,KJ,Kendujhar,Kendujhar,1802777.0,8240.0,217.0
265,17,KL,Kalahandi,Bhawanipatna,1573054.0,7920.0,199.0
266,18,KN,Kandhamal,Phulbani,731952.0,8021.0,91.0
267,19,KO,Koraput,Koraput,1376934.0,8807.0,156.0
268,20,KP,Kendrapara,Kendrapara,1439891.0,2644.0,545.0
269,21,ML,Malkangiri,Malkangiri,612727.0,5791.0,106.0
270,22,MY,Mayurbhanj,Baripada,2513895.0,10418.0,241.0
271,23,NB,Nabarangpur,Nabarangpur,1218762.0,5294.0,230.0
272,24,NU,Nuapada,Nuapada,606490.0,3408.0,157.0
273,25,NY,Nayagarh,Nayagarh,962215.0,3890.0,247.0
274,26,PU,Puri,Puri,1697983.0,3051.0,488.0
275,27,RA,Rayagada,Rayagada,961959.0,7584.7,136.0
276,28,SA,Sambalpur,Sambalpur,1044410.0,6702.0,158.0
277,29,SO,Subarnapur,Subarnapur,652107.0,2284.0,279.0
278,30,SU,Sundargarh,Sundergarh,2080664.0,9712.0,214.0
279,1,AM,Amritsar,Amritsar,2490891.0,2673.0,932.0
280,2,BNL,Barnala,Barnala,596294.0,1423.0,419.0
281,3,BA,Bathinda,Bathinda,1388859.0,3355.0,414.0
282,4,FI,Firozpur,Firozpur,2026831.0,5334.0,380.0
283,5,FR,Faridkot,Faridkot,618008.0,1472.0,424.0
284,6,FT,Fatehgarh Sahib,Fatehgarh Sahib,599814.0,1180.0,508.0
285,7,FA,Fazilka,Fazilka,1180483.0,3113.0,379.0
286,8,GU,Gurdaspur,Gurdaspur,2299026.0,3542.0,649.0
287,9,HO,Hoshiarpur,Hoshiarpur,1582793.0,3397.0,466.0
288,10,JA,Jalandhar,Jalandhar,2181753.0,2625.0,831.0
289,11,KA,Kapurthala,Kapurthala,817668.0,1646.0,501.0
290,12,LU,Ludhiana,Ludhiana,3487882.0,3744.0,975.0
291,13,ML,Malerkotla,Malerkotla,429754.0,684.0,629.0
292,14,MA,Mansa,Mansa,768808.0,2174.0,350.0
293,15,MO,Moga,Moga,992289.0,2235.0,444.0
294,16,MU,Sri Muktsar Sahib,Sri Muktsar Sahib,902702.0,2596.0,348.0
295,17,PA,Pathankot,Pathankot,626154.0,929.0,674.0
296,18,PA,Patiala,Patiala,2892282.0,3175.0,596.0
297,19,RU,Rupnagar,Rupnagar,683349.0,1400.0,488.0
298,20,SAS,Sahibzada Ajit Singh Nagar,Sahibzada Ajit Singh Nagar,986147.0,1188.0,830.0
299,21,SA,Sangrur,Sangrur,1654408.0,3685.0,449.0
300,22,PB,Shahid Bhagat Singh Nagar,Nawanshahr,614362.0,1283.0,479.0
301,23,TT,Tarn Taran,Tarn Taran Sahib,1120070.0,2414.0,464.0
302,1,AN,Anupgarh,Anupgarh,869696.0,8872.0,98.0
303,2,AJ,Ajmer,Ajmer,2584913.0,8481.0,305.0
304,3,AL,Alwar,Alwar,3671999.0,8380.0,438.0
305,4,BA,Balotra,Balotra,970760.0,19000.0,51.0
306,5,BE,Beawar,Beawar,,,
307,6,BI,Bikaner,Bikaner,2367745.0,27244.0,78.0
308,7,BM,Barmer,Barmer,2604453.0,28387.0,92.0
309,8,BN,Banswara,Banswara,1798194.0,5037.0,399.0
310,9,BP,Bharatpur,Bharatpur,2549121.0,5066.0,503.0
311,10,BR,Baran,Baran,1223921.0,6955.0,175.0
312,11,BU,Bundi,Bundi,1113725.0,5550.0,193.0
313,12,BW,Bhilwara,Bhilwara,2410459.0,10455.0,230.0
314,13,CR,Churu,Churu,2041172.0,16830.0,148.0
315,14,CT,Chittorgarh,Chittorgarh,1544392.0,10856.0,193.0
316,15,DA,Dausa,Dausa,1637226.0,3429.0,476.0
317,16,-,Deeg,Deeg,1072755.0,,
318,17,DK,Didwana Kuchaman,Didwana,1625837.0,,239.0
319,18,DH,Dholpur,Dholpur,1207293.0,3084.0,398.0
320,19,-,Dudu,Dudu,312857.0,,
321,20,DU,Dungarpur,Dungarpur,1388906.0,3771.0,368.0
322,21,GC,Gangapur city,Gangapur City,,,
323,22,GA,Sri Ganganagar,Sri Ganganagar,1969520.0,10990.0,179.0
324,23,HA,Hanumangarh,Hanumangarh,1779650.0,9670.0,184.0
325,24,-,Jaipur Gramin,Jaipur,,,
326,25,JJ,Jhunjhunu,Jhunjhunu,2139658.0,5928.0,361.0
327,26,JL,Jalore,Jalore,1830151.0,10640.0,172.0
328,27,JO,Jodhpur,Jodhpur,3685681.0,22850.0,161.0
329,28,-,Jodhpur Gramin,Jodhpur,,,
330,29,JP,Jaipur,Jaipur,6626178.0,11143.0,595.0
331,30,JS,Jaisalmer,Jaisalmer,672008.0,38401.0,17.0
332,31,JW,Jhalawar,Jhalawar,1411327.0,6219.0,227.0
333,32,KA,Karauli,Karauli,1458459.0,5530.0,264.0
334,33,KE,Kekri,Kekri,,,
335,34,KT,Khairthal-Tijara,Khairthal,966821.0,,
336,35,KP,Kotputli-Behror,Kotputli,,,
337,36,KO,Kota,Kota,1950491.0,5446.0,374.0
338,37,TO,Tonk,Tonk,1421711.0,7194.0,198.0
339,38,UD,Udaipur,Udaipur,3067549.0,13430.0,242.0
340,39,,Nagaur,Nagaur,3309234.0,17718.0,187.0
341,40,NT,Neem Ka Thana,Neem Ka Thana,,,
342,41,PA,Pali,Pali,2038533.0,12387.0,165.0
343,42,PH,Phalodi,Phalodi,,,
344,43,PG,Pratapgarh,Pratapgarh,867848.0,4112.0,211.0
345,44,RA,Rajsamand,Rajsamand,1158283.0,3853.0,302.0
346,45,SA,Sanchore,Sanchore,845457.0,2996.0,280.0
347,46,-,Salumbar,Salumbar,,,
348,47,SK,Sikar,Sikar,2677737.0,7732.0,346.0
349,48,-,Shahpura,Shahpura,,,
350,49,SM,Sawai Madhopur,Sawai Madhopur,1338114.0,4500.0,257.0
351,50,SR,Sirohi,Sirohi,1037185.0,5136.0,202.0
352,1,ES,Gangtok,Gangtok,281293.0,954.0,295.0
353,2,NS,Mangan,Mangan,43354.0,4226.0,10.0
354,3,PS,Pakyong,Pakyong,74583.0,404.0,180.0
355,4,,Soreng,Soreng,64760.0,293.0,221.0
356,5,SS,Namchi,Namchi,146742.0,750.0,196.0
357,6,WS,Gyalshing,Gyalshing,136299.0,1166.0,117.0
358,1,AY,Ariyalur,Ariyalur,752481.0,3208.0,387.0
359,2,CGL,Chengalpattu,Chengalpattu,2556244.0,2945.0,868.0
360,3,CH,Chennai,Chennai,7139882.0,426.0,17000.0
361,4,CO,Coimbatore,Coimbatore,3472578.0,4723.0,748.0
362,5,CU,Cuddalore,Cuddalore,2600880.0,3999.0,702.0
363,6,DH,Dharmapuri,Dharmapuri,1502900.0,4532.0,332.0
364,7,DGL,Dindigul,Dindigul,2161367.0,6058.0,357.0
365,8,ER,Erode,Erode,2259608.0,5714.0,397.0
366,9,KL,Kallakurichi,Kallakurichi,1682687.0,3520.0,478.0
367,10,KC,Kanchipuram,Kanchipuram,1166401.0,1656.0,704.0
368,11,KK,Kanyakumari,Nagercoil,1863178.0,1685.0,1106.0
369,12,KA,Karur,Karur,1076588.0,2901.0,371.0
370,13,KR,Krishnagiri,Krishnagiri,1883731.0,5086.0,370.0
371,14,MDU,Madurai,Madurai,3191038.0,3676.0,823.0
372,15,MLD,Mayiladuthurai,Mayiladuthurai,918356.0,1172.0,784.0
373,16,NG,Nagapattinam,Nagapattinam,1614069.0,2716.0,668.0
374,17,NI,Nilgiris,Ooty,735071.0,2549.0,288.0
375,18,NM,Namakkal,Namakkal,1721179.0,3429.0,506.0
376,19,PE,Perambalur,Perambalur,564511.0,1752.0,323.0
377,20,PU,Pudukkottai,Pudukkottai,1918725.0,4651.0,348.0
378,21,RA,Ramanathapuram,Ramanathapuram,1337560.0,4123.0,320.0
379,22,RN,Ranipet,Ranipettai,1210277.0,2234.0,524.0
380,23,SA,Salem,Salem,3480008.0,5245.0,663.0
381,24,SVG,Sivaganga,Sivagangai,1341250.0,4086.0,324.0
382,25,TS,Tenkasi,Tenkasi,1407627.0,2916.0,483.0
383,26,TP,Tiruppur,Tiruppur,2471222.0,5106.0,476.0
384,27,TC,Tiruchirappalli,Tiruchirappalli,2713858.0,4407.0,602.0
385,28,TH,Theni,Theni,1243684.0,3066.0,433.0
386,29,TI,Tirunelveli,Tirunelveli,1665253.0,3842.0,433.0
387,30,TJ,Thanjavur,Thanjavur,2402781.0,3397.0,691.0
388,31,TK,Thoothukudi,Thoothukudi,1738376.0,4594.0,378.0
389,32,TP,Tirupattur,Tirupattur,1111812.0,1798.0,618.0
390,33,TL,Tiruvallur,Tiruvallur,3725697.0,3424.0,1049.0
391,34,TR,Tiruvarur,Thiruvarur,1268094.0,2377.0,533.0
392,35,TV,Tiruvannamalai,Tiruvannaamalai,2468965.0,6191.0,399.0
393,36,VE,Vellore,Vellore,1614242.0,2080.0,776.0
394,37,VL,Viluppuram,Viluppuram,2093003.0,3725.0,562.0
395,38,VNR,Virudhunagar,Virudhunagar,1943309.0,3446.0,454.0
396,1,AD,Adilabad,Adilabad,708952.0,4185.97,171.0
397,2,BK,Bhadradri Kothagudem,Kothagudem,1304811.0,8951.0,143.0
398,3,–,Hanamkonda,Hanamkonda,1135707.0,1304.5,826.0
399,4,HY,Hyderabad,Hyderabad,3943323.0,217.0,18172.0
400,5,–,Jagtial,Jagtial,983414.0,3043.23,407.0
401,6,–,Jangaon,Jangaon,582457.0,2187.5,259.0
402,7,–,Jayashankar Bhupalpally,Bhupalpally,712257.0,6361.7,115.0
403,8,–,Jogulamba Gadwal,Gadwal,664971.0,2928.0,208.0
404,9,–,Kamareddy,Kamareddy,972625.0,3651.0,266.0
405,10,KA,Karimnagar,Karimnagar,1016063.0,2379.07,473.0
406,11,KH,Khammam,Khammam,1401639.0,4453.0,321.0
407,12,–,Kumuram Bheem Asifabad,Asifabad,515835.0,4300.16,106.0
408,13,–,Mahabubabad,Mahabubabad,770170.0,2876.7,269.0
409,14,MA,Mahbubnagar,Mahbubnagar,1318110.0,4037.0,281.0
410,15,–,Mancherial,Mancherial,807037.0,4056.36,201.0
411,16,ME,Medak,Medak,767428.0,2740.89,275.0
412,17,–,Medchal–Malkajgiri,Shamirpet,2542203.0,5005.98,2251.0
413,18,–,Mulugu,Mulugu,294671.0,3881.0,124.0
414,19,,Nalgonda,Nalgonda,1631399.0,2449.79,227.0
415,20,–,Narayanpet,Narayanpet,566874.0,2336.44,243.0
416,21,–,Nagarkurnool,Nagarkurnool,893308.0,6545.0,124.0
417,22,–,Nirmal,Nirmal,709415.0,3562.51,185.0
418,23,NI,Nizamabad,Nizamabad,1534428.0,4153.0,366.0
419,24,–,Peddapalli,Peddapalli,795332.0,4614.74,356.0
420,25,–,Rajanna Sircilla,Sircilla,546121.0,2030.89,273.0
421,26,RA,Ranga Reddy,Hyderabad,2551731.0,5031.0,486.0
422,27,–,Sangareddy,Sangareddy,1527628.0,4464.87,347.0
423,28,–,Siddipet,Siddipet,993376.0,3425.19,279.0
424,29,–,Suryapet,Suryapet,1099560.0,3374.47,305.0
425,30,–,Vikarabad,Vikarabad,881250.0,3385.0,274.0
426,31,–,Wanaparthy,Wanaparthy,751553.0,2938.0,268.0
427,32,WL,Warangal,Warangal,716457.0,2175.5,330.0
428,33,–,Yadadri Bhuvanagiri,Bhongir,726465.0,3091.48,239.0
429,1,DH,Dhalai,Ambassa,377988.0,2400.0,157.0
430,2,GM,Gomati,Udaipur,436868.0,1522.8,287.0
431,3,KH,Khowai,Khowai,327391.0,1005.67,326.0
432,4,NT,North Tripura,Dharmanagar,415946.0,1444.5,288.0
433,5,SP,Sepahijala,Bishramganj,484233.0,1044.78,463.0
434,6,ST,South Tripura,Belonia,433737.0,1534.2,283.0
435,7,UK,Unakoti,Kailashahar,277335.0,591.93,469.0
436,8,WT,West Tripura,Agartala,917534.0,942.55,973.0
437,1,AG,Agra,Agra,4380793.0,4027.0,1084.0
438,2,AL,Aligarh,Aligarh,3673849.0,3747.0,1007.0
439,3,AN,Ambedkar Nagar,Akbarpur,2398709.0,2372.0,1021.0
440,4,AM,Amethi,Gauriganj,2549935.0,3063.0,830.0
441,5,JP,Amroha,Amroha,1838771.0,2321.0,818.0
442,6,AU,Auraiya,Auraiya,1372287.0,2051.0,681.0
443,7,FZ,Ayodhya,Ayodhya,2468371.0,2765.0,1054.0
444,8,AZ,Azamgarh,Azamgarh,4616509.0,4053.0,1139.0
445,9,BG,Bagpat,Baghpat,1302156.0,1345.0,986.0
446,10,BH,Bahraich,Bahraich,2384239.0,4926.0,415.0
447,11,BL,Ballia,Ballia,3223642.0,2981.0,1081.0
448,12,BP,Balrampur,Balrampur,2149066.0,3349.0,642.0
449,13,BN,Banda,Banda,1799541.0,4413.0,404.0
450,14,BB,Barabanki,Barabanki,3257983.0,3825.0,739.0
451,15,BR,Bareilly,Bareilly,4465344.0,4120.0,1084.0
452,16,BS,Basti,Basti,2461056.0,2687.0,916.0
453,17,BH,Bhadohi,Gyanpur,1554203.0,960.0,1531.0
454,18,BI,Bijnor,Bijnor,3683896.0,4561.0,808.0
455,19,BD,Budaun,Budaun,3712738.0,5168.0,718.0
456,20,BU,Bulandshahr,Bulandshahr,3498507.0,3719.0,788.0
457,21,CD,Chandauli,Chandauli,1952713.0,2554.0,768.0
458,22,CT,Chitrakoot,Karwi,990626.0,3202.0,315.0
459,23,DE,Deoria,Deoria,3098637.0,2535.0,1220.0
460,24,ET,Etah,Etah,1761152.0,2456.0,717.0
461,25,EW,Etawah,Etawah,1579160.0,2287.0,683.0
462,26,FR,Farrukhabad,Fatehgarh,1887577.0,2279.0,865.0
463,27,FT,Fatehpur,Fatehpur,2632684.0,4152.0,634.0
464,28,FI,Firozabad,Firozabad,2496761.0,2361.0,1044.0
465,29,GB,Gautam Buddha Nagar,Noida,1674714.0,1269.0,1252.0
466,30,GZ,Ghaziabad,Ghaziabad,4661452.0,1175.0,3967.0
467,31,GP,Ghazipur,Ghazipur,3622727.0,3377.0,1072.0
468,32,GN,Gonda,Gonda,3431386.0,4425.0,857.0
469,33,GR,Gorakhpur,Gorakhpur,4436275.0,3325.0,1336.0
470,34,HM,Hamirpur,Hamirpur,1104021.0,4325.0,268.0
471,35,PN,Hapur,Hapur,1338211.0,660.0,2028.0
472,36,HR,Hardoi,Hardoi,4091380.0,5986.0,683.0
473,37,HT,Hathras,Hathras,1565678.0,1752.0,851.0
474,38,JL,Jalaun,Orai,1670718.0,4565.0,366.0
475,39,JU,Jaunpur,Jaunpur,4476072.0,4038.0,1108.0
476,40,JH,Jhansi,Jhansi,2000755.0,5024.0,398.0
477,41,KJ,Kannauj,Kannauj,1658005.0,1993.0,792.0
478,42,KD,Kanpur Dehat,Akbarpur,1795092.0,3021.0,594.0
479,43,KN,Kanpur Nagar,Kanpur,4572951.0,3156.0,1415.0
480,44,KR,Kasganj,Kasganj,1438156.0,1955.0,736.0
481,45,KS,Kaushambi,Manjhanpur,1596909.0,1837.0,897.0
482,46,KU,Kushinagar,Padrauna,3560830.0,2909.0,1226.0
483,47,LK,Lakhimpur Kheri,Lakhimpur,4013634.0,7674.0,523.0
484,48,LA,Lalitpur,Lalitpur,1218002.0,5039.0,242.0
485,49,LU,Lucknow,Lucknow,4588455.0,2528.0,1815.0
486,50,MG,Maharajganj,Maharajganj,2665292.0,2953.0,903.0
487,51,MH,Mahoba,Mahoba,876055.0,2847.0,288.0
488,52,MP,Mainpuri,Mainpuri,1847194.0,2760.0,670.0
489,53,MT,Mathura,Mathura,2541894.0,3333.0,761.0
490,54,MB,Mau,Mau,2205170.0,1713.0,1287.0
491,55,ME,Meerut,Meerut,3447405.0,2522.0,1342.0
492,56,MI,Mirzapur,Mirzapur,2494533.0,4522.0,561.0
493,57,MO,Moradabad,Moradabad,4773138.0,3718.0,1284.0
494,58,MU,Muzaffarnagar,Muzaffarnagar,4138605.0,4008.0,1033.0
495,59,PI,Pilibhit,Pilibhit,2037225.0,3499.0,567.0
496,60,PR,Pratapgarh,Pratapgarh,3173752.0,3717.0,854.0
497,61,AH,Prayagraj,Prayagraj,5959798.0,5481.0,1087.0
498,62,RB,Raebareli,Raebareli,3404004.0,4609.0,739.0
499,63,RA,Rampur,Rampur,2335398.0,2367.0,987.0
500,64,SA,Saharanpur,Saharanpur,3464228.0,3689.0,939.0
501,65,SM,Sambhal,Sambhal,2217020.0,2453.0,890.0
502,66,SK,Sant Kabir Nagar,Khalilabad,1714300.0,1442.0,1014.0
503,67,SJ,Shahjahanpur,Shahjahanpur,3002376.0,4575.0,673.0
504,68,SH,Shamli,Shamli,1274815.0,1063.0,1200.0
505,69,SV,Shravasti,Shravasti,1114615.0,1948.0,572.0
506,70,SN,Siddharthnagar,Naugarh,2553526.0,2751.0,882.0
507,71,SI,Sitapur,Sitapur,4474446.0,5743.0,779.0
508,72,SO,Sonbhadra,Robertsganj,1862612.0,6788.0,274.0
509,73,SU,Sultanpur,Sultanpur,3790922.0,4436.0,855.0
510,74,UN,Unnao,Unnao,3110595.0,4561.0,682.0
511,75,VA,Varanasi,Varanasi,3682194.0,1535.0,2399.0
512,1,AL,Almora,Almora,621927.0,3090.0,198.0
513,2,BA,Bageshwar,Bageshwar,259840.0,2310.0,116.0
514,3,CL,Chamoli,Gopeshwar,391114.0,7692.0,49.0
515,4,CP,Champawat,Champawat,259315.0,1781.0,147.0
516,5,DD,Dehradun,Dehradun,1698560.0,3088.0,550.0
517,6,HA,Haridwar,Haridwar,1927029.0,2360.0,817.0
518,7,,Nainital,Nainital,955128.0,3853.0,225.0
519,8,PG,Pauri Garhwal,Pauri,686527.0,5438.0,129.0
520,9,PI,Pithoragarh,Pithoragarh,485993.0,7110.0,69.0
521,10,RP,Rudraprayag,Rudraprayag,236857.0,1896.0,119.0
522,11,TG,Tehri Garhwal,New Tehri,616409.0,4085.0,169.0
523,12,US,Udham Singh Nagar,Rudrapur,1648367.0,2912.0,648.0
524,13,UT,Uttarkashi,Uttarkashi,329686.0,7951.0,41.0
525,1,AS,Alluri Sitharama Raju,Paderu,954000.0,12251.0,77.87
526,2,AK,Anakapalli,Anakapalli,1727000.0,4292.0,402.38
527,3,AN,Ananthapuramu,Ananthapuramu,2241100.0,10205.0,219.608
528,4,AM,Annamayya,Rayachoti,1697300.0,7954.0,213.389
529,5,BP,Bapatla,Bapatla,1587000.0,3829.0,414.47
530,6,CH,Chittoor,Chittoor,1873000.0,6855.0,273.23
531,7,KN,Dr. B.R. Ambedkar Konaseema,Amalapuram,1719100.0,2083.0,825.3
532,8,EG,East Godavari,Rajamahendravaram,1832300.0,2561.0,715.46
533,9,EL,Eluru,Eluru,2071700.0,6679.0,310.181
534,10,GU,Guntur,Guntur,2091000.0,2443.0,855.9
535,11,KK,Kakinada,Kakinada,2092300.0,3019.0,693.04
536,12,KR,Krishna,Machilipatnam,1735000.0,3775.0,459.602
537,13,KU,Kurnool,Kurnool,2271700.0,7980.0,284.67
538,14,NN,Nandyal,Nandyal,1781800.0,9682.0,184.032
539,15,NE,Nellore,Nellore,2469700.0,10441.0,236.0
540,16,NT,NTR,Vijayawada,2218000.0,3316.0,668.88
541,17,PL,Palnadu,Narasaraopet,2042000.0,7298.0,279.8
542,18,PM,Parvathipuram Manyam,Parvathipuram,925300.0,3659.0,252.88
543,19,PR,Prakasam,Ongole,2288000.0,14322.0,160.0
544,20,SR,Srikakulam,Srikakulam,2191471.0,4591.0,477.34
545,21,SS,Sri Sathya Sai,Puttaparthi,1840000.0,8925.0,206.2
546,22,TR,Tirupati,Tirupati,2197000.0,8231.0,241.72
547,23,VS,Visakhapatnam,Visakhapatnam,1959500.0,1048.0,1869.8
548,24,VZ,Vizianagaram,Vizianagaram,1930800.0,4122.0,468.41
549,25,WG,West Godavari,Bhimavaram,1780000.0,2178.0,817.3
550,26,CU,YSR Kadapa,Kadapa,2060700.0,11228.0,183.532
551,1,AD,Alipurduar,Alipurduar,1501983.0,3136.0,479.0
552,2,BN,Bankura,Bankura,3596292.0,6882.0,523.0
553,3,BI,Birbhum,Suri,3502387.0,4545.0,771.0
554,4,KB,Cooch Behar,Cooch Behar,2822780.0,3387.0,833.0
555,5,DD,Dakshin Dinajpur,Balurghat,1670931.0,2183.0,753.0
556,6,DA,Darjeeling,Darjeeling,1595181.0,2093.0,762.0
557,7,HG,Hooghly,Chinsurah,5520389.0,3149.0,1753.0
558,8,HR,Howrah,Howrah,4841638.0,1467.0,3300.0
559,9,JA,Jalpaiguri,Jalpaiguri,3869675.0,6227.0,621.0
560,10,JH,Jhargram,Jhargram,1136548.0,3038.0,374.0
561,11,KA,Kalimpong,Kalimpong,251642.0,1054.0,239.0
562,12,KO,Kolkata,Kolkata,4486679.0,206.08,24252.0
563,13,MA,Maldah,English Bazar,3997970.0,3733.0,1071.0
564,14,MSD,Murshidabad,Baharampur,7102430.0,5324.0,1334.0
565,15,,Nadia,Krishnanagar,5168488.0,3927.0,1316.0
566,16,PN,North 24 Parganas,Barasat,10082852.0,4094.0,2463.0
567,17,BR,Paschim Bardhaman,Asansol,2882031.0,1603.0,1798.0
568,18,PM,Paschim Medinipur,Midnapore,4776909.0,6308.0,757.0
569,19,BR,Purba Bardhaman,Bardhaman,4835532.0,5433.0,890.0
570,20,PR,Purba Medinipur,Tamluk,5095875.0,4736.0,1076.0
571,21,PU,Purulia,Purulia,2927965.0,6259.0,468.0
572,22,PS,South 24 Parganas,Alipore,8161961.0,9960.0,819.0
573,23,UD,Uttar Dinajpur,Raiganj,3000849.0,3180.0,956.0
574,1,NI,Nicobar,Car Nicobar,36842.0,1841.0,20.0
575,2,,North and Middle Andaman,Mayabunder,105597.0,3736.0,28.0
576,3,SA,South Andaman,Port Blair,238142.0,2672.0,89.0
577,1,CH,Chandigarh,Chandigarh,1055450.0,114.0,9258.0
578,1,DA,Daman,Daman,191173.0,72.0,2651.0
579,2,DI,Diu,Diu,52074.0,39.0,2058.0
580,3,DN,Dadra and Nagar Haveli,Silvassa,343709.0,491.0,700.0
581,1,AN,Anantnag,Anantnag,1070144.0,2853.0,375.0
582,2,BD,Budgam,Budgam,735753.0,1406.0,537.0
583,3,BPR,Bandipore,Bandipore,385099.0,3010.0,128.0
584,4,BR,Baramulla,Baramulla,1015503.0,3329.0,305.0
585,5,DO,Doda,Doda,409576.0,2625.0,79.0
586,6,GB,Ganderbal,Ganderbal,297003.0,1979.0,151.0
587,7,JA,Jammu,Jammu,1526406.0,3097.0,596.0
588,8,KT,Kathua,Kathua,615711.0,2651.0,232.0
589,9,KW,Kishtwar,Kishtwar,230696.0,7737.0,30.0
590,10,KG,Kulgam,Kulgam,422786.0,457.0,925.0
591,11,KU,Kupwara,Kupwara,875564.0,2379.0,368.0
592,12,PO,Poonch,Poonch,476820.0,1674.0,285.0
593,13,PU,Pulwama,Pulwama,570060.0,1398.0,598.0
594,14,RA,Rajouri,Rajouri,619266.0,2630.0,235.0
595,15,RB,Ramban,Ramban,283313.0,1330.0,213.0
596,16,RS,Reasi,Reasi,314714.0,1710.0,184.0
597,17,SB,Samba,Samba,318611.0,913.0,318.0
598,18,SH,Shopian,Shopian,265960.0,312.0,852.0
599,19,SR,Srinagar,Srinagar,1269751.0,2228.0,703.0
600,20,UD,Udhampur,Udhampur,555357.0,4550.0,211.0
601,1,KR,Kargil,Kargil,143388.0,14036.0,10.0
602,2,LE,Leh,Leh,133487.0,45110.0,3.0
603,1,LD,Lakshadweep,Kavaratti,64473.0,30.0,2149.0
604,1,CD,Central Delhi,Daryaganj,582320.0,25.0,27730.0
605,2,ED,East Delhi,Preet Vihar,1709346.0,440.0,27132.0
606,3,ND,New Delhi,Connaught Place,142004.0,22.0,4057.0
607,4,NO,North Delhi,Sadar Bazaar,887978.0,59.0,14557.0
608,5,NE,North East Delhi,Seelampur,2241624.0,52.0,36155.0
609,6,NW,North West Delhi,Kanjhawala,3656539.0,130.0,8254.0
610,7,SH,Shahdara district,Nand Nagri,,59.75,
611,8,SD,South Delhi,Saket,2731929.0,250.0,11060.0
612,9,SE,South East Delhi,Defence Colony,1500636.0,102.0,15000.0
613,10,SW,South West Delhi,Vasant Vihar,2292958.0,395.0,5446.0
614,11,WD,West Delhi,Rajouri Garden,2543243.0,112.0,19563.0
615,1,KA,Karaikal,Karaikal,200222.0,157.0,1275.0
616,2,MA,Mahé,Mahé,41816.0,9.0,4646.0
617,3,PO,Puducherry,Pondicherry,950289.0,293.0,3232.0
618,4,YA,Yanam,Yanam,55626.0,30.0,1854.0
619,1,AJ,Anjaw,Hawai,21089.0,6190.0,3.0
620,2,CH,Changlang,Changlang,147951.0,4662.0,32.0
621,3,EK,East Kameng,Seppa,78413.0,4134.0,19.0
622,4,ES,East Siang,Pasighat,99019.0,3603.0,27.0
623,5,–,Kamle,Raga,22256.0,200.0,111.0
624,6,–,Kra Daadi,Palin,22290.0,2202.0,10.0
625,7,KK,Kurung Kumey,Koloriang,89717.0,6040.0,15.0
626,8,–,Lepa Rada,Basar,,,
627,9,EL,Lohit,Tezu,145538.0,2402.0,61.0
628,10,LD,Longding,Longding,60000.0,1200.0,50.0
629,11,DV,Lower Dibang Valley,Roing,53986.0,3900.0,14.0
630,12,–,Lower Siang,Likabali,22630.0,,
631,13,LB,Lower Subansiri,Ziro,82839.0,3508.0,24.0
632,14,–,Namsai,Namsai,95950.0,1587.0,60.0
633,15,–,Pakke-Kessang,Lemmi,15358.0,1932.0,7.9
634,16,PA,Papum Pare,Yupia,176385.0,2875.0,61.0
635,17,–,Shi Yomi,Tato,13310.0,2875.0,5.0
636,18,–,Siang,Boleng,31920.0,2919.0,11.0
637,19,TA,Tawang,Tawang,49950.0,2085.0,24.0
638,20,TI,Tirap,Khonsa,111997.0,2362.0,47.0
639,21,UD,Upper Dibang Valley,Anini,8004.0,9129.0,1.0
640,22,US,Upper Siang,Yingkiong,35289.0,6188.0,6.0
641,23,UB,Upper Subansiri,Daporijo,83205.0,7032.0,12.0
642,24,WK,West Kameng,Bomdila,87013.0,7422.0,12.0
643,25,WS,West Siang,Aalo,112272.0,8325.0,13.0
644,26,,Keyi Panyor,Yachuli,30000.0,,
645,27,,Bichom,Napangphung,9710.0,,
646,1,BK,Baksa,Mushalpur,953773.0,2008.0,475.0
647,2,BJ,Bajali,Pathsala,253816.0,418.0,610.0
648,3,BP,Barpeta,Barpeta,1693622.0,3245.0,520.0
649,4,BN,Biswanath,Biswanath Chariali,612491.0,1415.0,430.0
650,5,BO,Bongaigaon,Bongaigaon,732639.0,1724.0,425.0
651,6,CA,Cachar,Silchar,1736319.0,3786.0,459.0
652,7,CD,Charaideo,Sonari,471418.0,1069.0,440.0
653,8,CH,Chirang,Kajalgaon,481818.0,1975.0,244.0
654,9,DR,Darrang,Mangaldoi,908090.0,1849.0,491.0
655,10,DM,Dhemaji,Dhemaji,688077.0,3237.0,213.0
656,11,DU,Dhubri,Dhubri,1948632.0,2838.0,687.0
657,12,DI,Dibrugarh,Dibrugarh,1327748.0,3381.0,393.0
658,13,NC,Dima Hasao,Haflong,213529.0,4888.0,44.0
659,14,GP,Goalpara,Goalpara,1008959.0,1824.0,553.0
660,15,GG,Golaghat,Golaghat,1058674.0,3502.0,302.0
661,16,HA,Hailakandi,Hailakandi,659260.0,1327.0,497.0
662,17,HJ,Hojai,Sankardev Nagar,931218.0,1686.0,550.0
663,18,JO,Jorhat,Jorhat,1091295.0,2851.0,383.0
664,19,KU,Kamrup,Amingaon,1517202.0,3480.0,436.0
665,20,KM,Kamrup Metropolitan,Guwahati,1260419.0,627.0,2010.0
666,21,KG,Karbi Anglong,Diphu,965280.0,10434.0,93.0
667,22,KR,Karimganj,Karimganj,1217002.0,1809.0,673.0
668,23,KJ,Kokrajhar,Kokrajhar,886999.0,3129.0,283.0
669,24,LA,Lakhimpur,North Lakhimpur,1040644.0,2277.0,457.0
670,25,MJ,Majuli,Garamur,167304.0,880.0,300.0
671,26,MA,Morigaon,Marigaon,957853.0,1704.0,562.0
672,27,NN,Nagaon,Nagaon,2826006.0,3831.0,738.0
673,28,NB,Nalbari,Nalbari,769919.0,1009.0,763.0
674,29,ST,Sivasagar,Sibsagar,1150253.0,2668.0,431.0
675,30,SO,Sonitpur,Tezpur,1925975.0,5324.0,362.0
676,31,SM,South Salmara-Mankachar,Hatsingimari,555114.0,568.0,980.0
677,32,TP,Tamulpur,Tamulpur,389150.0,884.0,440.0
678,33,TI,Tinsukia,Tinsukia,1316948.0,3790.0,347.0
679,34,UD,Udalguri,Udalguri,832769.0,1676.0,497.0
680,35,WK,West Karbi Anglong,Hamren,300320.0,3035.0,99.0
681,1,AR,Araria,Araria,2806200.0,2829.0,992.0
682,2,AW,Arwal,Arwal,700843.0,638.0,1098.0
683,3,AU,Aurangabad,Aurangabad,2511243.0,3303.0,760.0
684,4,BA,Banka,Banka,2029339.0,3018.0,672.0
685,5,BE,Begusarai,Begusarai,2954367.0,1917.0,1540.0
686,6,BG,Bhagalpur,Bhagalpur,3032226.0,2569.0,1180.0
687,7,BJ,Bhojpur,Arrah,2720155.0,2473.0,1136.0
688,8,BU,Buxar,Buxar,1707643.0,1624.0,1003.0
689,9,DA,Darbhanga,Darbhanga,3921971.0,2278.0,1721.0
690,10,EC,East Champaran,Motihari,5082868.0,3969.0,1281.0
691,11,GA,Gaya,Gaya,4379383.0,4978.0,880.0
692,12,GO,Gopalganj,Gopalganj,2558037.0,2033.0,1258.0
693,13,JA,Jamui,Jamui,1756078.0,3099.0,567.0
694,14,JE,Jehanabad,Jehanabad,1124176.0,1569.0,1206.0
695,15,KM,Kaimur,Bhabua,1626900.0,3363.0,488.0
696,16,KT,Katihar,Katihar,3068149.0,3056.0,1004.0
697,17,KH,Khagaria,Khagaria,1657599.0,1486.0,1115.0
698,18,KI,Kishanganj,Kishanganj,1690948.0,1884.0,898.0
699,19,LA,Lakhisarai,Lakhisarai,1000717.0,1229.0,815.0
700,20,MP,Madhepura,Madhepura,1994618.0,1787.0,1116.0
701,21,MB,Madhubani,Madhubani,4476044.0,3501.0,1279.0
702,22,MG,Munger,Munger,1359054.0,1419.0,958.0
703,23,MZ,Muzaffarpur,Muzaffarpur,4778610.0,3173.0,1506.0
704,24,NL,Nalanda,Bihar Sharif,2872523.0,2354.0,1220.0
705,25,NW,Nawada,Nawada,2216653.0,2492.0,889.0
706,26,PA,Patna,Patna,5772804.0,3202.0,1803.0
707,27,PU,Purnia,Purnia,3273127.0,3228.0,1014.0
708,28,RO,Rohtas,Sasaram,2962593.0,3850.0,763.0
709,29,SH,Saharsa,Saharsa,1897102.0,1702.0,1125.0
710,30,SM,Samastipur,Samastipur,4254782.0,2905.0,1465.0
711,31,SR,Saran,Chhapra,3943098.0,2641.0,1493.0
712,32,SP,Sheikhpura,Sheikhpura,634927.0,689.0,922.0
713,33,SO,Sheohar,Sheohar,656916.0,443.0,1882.0
714,34,ST,Sitamarhi,Sitamarhi,3419622.0,2199.0,1491.0
715,35,SW,Siwan,Siwan,3318176.0,2219.0,1495.0
716,36,SU,Supaul,Supaul,2228397.0,2410.0,919.0
717,37,VA,Vaishali,Hajipur,3495021.0,2036.0,1717.0
718,38,WC,West Champaran,Bettiah,3935042.0,5229.0,753.0
719,1,–,Balod,Balod,826165.0,3527.0,234.0
720,2,–,Baloda Bazar,Baloda Bazar,1305343.0,4748.0,275.0
721,3,–,Balrampur-Ramanujganj,Balrampur,730491.0,3806.0,190.0
722,4,BA,Bastar,Jagdalpur,834873.0,4030.0,210.0
723,5,–,Bemetara,Bemetara,795759.0,2855.0,270.0
724,6,BJ,Bijapur,Bijapur,229832.0,6562.0,35.0
725,7,BI,Bilaspur,Bilaspur,1961922.0,3508.0,460.0
726,8,DA,Dantewada,Dantewada,533638.0,3411.0,59.0
727,9,DH,Dhamtari,Dhamtari,799199.0,2029.0,394.0
728,10,DU,Durg,Durg,1721726.0,2238.0,770.0
729,11,–,Gariaband,Gariaband,597653.0,5823.0,103.0
730,12,–,Gaurela-Pendra-Marwahi,Gaurela,336420.0,2307.0,150.0
731,13,JC,Janjgir-Champa,Janjgir,1620632.0,3848.0,421.0
732,14,JA,Jashpur,Jashpur Nagar,852043.0,5825.0,146.0
733,15,KW,Kabirdham,Kawardha,584667.0,4237.0,195.0
734,16,KK,Kanker,Kanker,748593.0,6513.0,115.0
735,17,–,Khairagarh-Chhuikhadan-Gandai,Khairagarh,368444.0,,
736,18,–,Kondagaon,Kondagaon,578326.0,7768.0,74.0
737,19,KB,Korba,Korba,1206563.0,6615.0,183.0
738,20,KJ,Korea,Baikunthpur,659039.0,6578.0,100.0
739,21,MA,Mahasamund,Mahasamund,1032275.0,4779.0,216.0
740,22,MG,Manendragarh-Chirmiri-Bharatpur,Manendragarh,422248.0,1726.39,
741,23,MM,Mohla-Manpur-Ambagarh Chowki,Mohla,283947.0,,
742,24,–,Mungeli,Mungeli,701707.0,2750.0,255.0
743,25,NR,Narayanpur,Narayanpur,140206.0,6640.0,20.0
744,26,RG,Raigarh,Raigarh,1493627.0,7068.0,211.0
745,27,RP,Raipur,Raipur,2160876.0,2892.0,750.0
746,28,RN,Rajnandgaon,Rajnandgaon,1537520.0,8062.0,191.0
747,29,SB,Sarangarh-Bilaigarh,Sarangarh,607434.0,,
748,30,ST,Sakti,Sakti,653036.0,,
749,31,SK,Sukma,Sukma,250159.0,5897.0,42.0
750,32,–,Surajpur,Surajpur,789043.0,2787.0,280.0
751,33,SJ,Surguja,Ambikapur,839661.0,3265.0,150.0
752,1,NG,North Goa,Panaji,817761.0,1736.0,471.0
753,2,SG,South Goa,Margao,639962.0,1966.0,326.0
754,1,AH,Ahmedabad,Ahmedabad,7208200.0,7170.0,890.0
755,2,AM,Amreli,Amreli,1513614.0,6760.0,205.0
756,3,AN,Anand,Anand,2090276.0,2942.0,711.0
757,4,AR,Aravalli,Modasa,1051746.0,3217.0,327.0
758,5,BK,Banaskantha,Palanpur,3116045.0,12703.0,290.0
759,6,BR,Bharuch,Bharuch,1550822.0,6524.0,238.0
760,7,BV,Bhavnagar,Bhavnagar,2877961.0,11155.0,288.0
761,8,BT,Botad,Botad,656005.0,2564.0,256.0
762,9,CU,Chhota Udaipur,Chhota Udaipur,1071831.0,3237.0,331.0
763,10,DA,Dahod,Dahod,2126558.0,3642.0,582.0
764,11,DG,Dang,Ahwa,226769.0,1764.0,129.0
765,12,DD,Devbhumi Dwarka,Khambhalia,752484.0,5684.0,132.0
766,13,GA,Gandhinagar,Gandhinagar,1387478.0,2163.0,660.0
767,14,GS,Gir Somnath,Veraval,1217477.0,3754.0,324.0
768,15,JA,Jamnagar,Jamnagar,2159130.0,14125.0,153.0
769,16,JU,Junagadh,Junagadh,2742291.0,8839.0,310.0
770,17,KH,Kheda,Nadiad,2298934.0,4215.0,541.0
771,18,KA,Kutch,Bhuj,2090313.0,45652.0,46.0
772,19,MH,Mahisagar,Lunavada,994624.0,2500.0,440.0
773,20,MA,Mehsana,Mehsana,2027727.0,4386.0,462.0
774,21,MB,Morbi,Morbi,960329.0,4871.0,197.0
775,22,NR,Narmada,Rajpipla,590379.0,2749.0,214.0
776,23,NV,Navsari,Navsari,1330711.0,2211.0,602.0
777,24,PM,Panchmahal,Godhra,2388267.0,5219.0,458.0
778,25,PA,Patan,Patan,1342746.0,5738.0,234.0
779,26,PO,Porbandar,Porbandar,586062.0,2294.0,255.0
780,27,RA,Rajkot,Rajkot,3157676.0,11203.0,282.0
781,28,SK,Sabarkantha,Himatnagar,2427346.0,7390.0,328.0
782,29,ST,Surat,Surat,6081322.0,4418.0,953.0
783,30,SN,Surendranagar,Surendranagar,1755873.0,10489.0,167.0
784,31,TA,Tapi,Vyara,806489.0,3435.0,249.0
785,32,VD,Vadodara,Vadodara,3639775.0,4312.0,467.0
786,33,VL,Valsad,Valsad,1703068.0,3034.0,561.0
